Company,Year,Metric,Value
Arboga Bilskrot AB,2024,Net sales,4681
Arboga Bilskrot AB,2023,Net sales,3726
Arboga Bilskrot AB,2022,Net sales,3445
Arboga Bilskrot AB,2021,Net sales,5214
Arboga Bilskrot AB,2020,Net sales,2166
Arboga Bilskrot AB,2024,Other turnover,132
Arboga Bilskrot AB,2023,Other turnover,94
Arboga Bilskrot AB,2022,Other turnover,386
Arboga Bilskrot AB,2021,Other turnover,299
Arboga Bilskrot AB,2020,Other turnover,615
Arboga Bilskrot AB,2024,Turnover,4813
Arboga Bilskrot AB,2023,Turnover,3820
Arboga Bilskrot AB,2022,Turnover,3831
Arboga Bilskrot AB,2021,Turnover,5513
Arboga Bilskrot AB,2020,Turnover,2781
Arboga Bilskrot AB,2024,Stock change,0
Arboga Bilskrot AB,2023,Stock change,0
Arboga Bilskrot AB,2022,Stock change,0
Arboga Bilskrot AB,2021,Stock change,15
Arboga Bilskrot AB,2020,Stock change,11
Arboga Bilskrot AB,2024,Operating profit after depreciation,155
Arboga Bilskrot AB,2023,Operating profit after depreciation,-351
Arboga Bilskrot AB,2022,Operating profit after depreciation,114
Arboga Bilskrot AB,2021,Operating profit after depreciation,559
Arboga Bilskrot AB,2020,Operating profit after depreciation,384
Arboga Bilskrot AB,2024,Financial income,2
Arboga Bilskrot AB,2023,Financial income,2
Arboga Bilskrot AB,2022,Financial income,0
Arboga Bilskrot AB,2021,Financial income,0
Arboga Bilskrot AB,2020,Financial income,0
Arboga Bilskrot AB,2024,Financial costs,-80
Arboga Bilskrot AB,2023,Financial costs,-61
Arboga Bilskrot AB,2022,Financial costs,-8
Arboga Bilskrot AB,2021,Financial costs,-6
Arboga Bilskrot AB,2024,Operating expenses,-4657
Arboga Bilskrot AB,2023,Operating expenses,-4528
Arboga Bilskrot AB,2022,Operating expenses,-3716
Arboga Bilskrot AB,2021,Operating expenses,-4969
Arboga Bilskrot AB,2020,Operating expenses,-2408
Arboga Bilskrot AB,2020,Financial costs,-15
Arboga Bilskrot AB,2024,Result after net financial items,78
Arboga Bilskrot AB,2023,Result after net financial items,-410
Arboga Bilskrot AB,2022,Result after net financial items,106
Arboga Bilskrot AB,2021,Result after net financial items,553
Arboga Bilskrot AB,2020,Result after net financial items,369
Arboga Bilskrot AB,2024,Profit before tax,78
Arboga Bilskrot AB,2023,Profit before tax,-410
Arboga Bilskrot AB,2022,Profit before tax,6
Arboga Bilskrot AB,2021,Profit before tax,193
Arboga Bilskrot AB,2020,Profit before tax,437
Arboga Bilskrot AB,2024,Tax on the year's profit,0
Arboga Bilskrot AB,2023,Tax on the year's profit,0
Arboga Bilskrot AB,2022,Tax on the year's profit,-1
Arboga Bilskrot AB,2021,Tax on the year's profit,-40
Arboga Bilskrot AB,2020,Tax on the year's profit,-94
Arboga Bilskrot AB,2024,Net income,78
Arboga Bilskrot AB,2023,Net income,-410
Arboga Bilskrot AB,2022,Net income,5
Arboga Bilskrot AB,2021,Net income,153
Arboga Bilskrot AB,2020,Net income,343
Arboga Bilskrot AB,2024,Intangible fixed assets,0
Arboga Bilskrot AB,2023,Intangible fixed assets,0
Arboga Bilskrot AB,2022,Intangible fixed assets,0
Arboga Bilskrot AB,2021,Intangible fixed assets,0
Arboga Bilskrot AB,2020,Intangible fixed assets,0
Arboga Bilskrot AB,2024,Tangible fixed assets,973
Arboga Bilskrot AB,2023,Tangible fixed assets,915
Arboga Bilskrot AB,2022,Tangible fixed assets,961
Arboga Bilskrot AB,2021,Tangible fixed assets,1040
Arboga Bilskrot AB,2020,Tangible fixed assets,628
Arboga Bilskrot AB,2024,Financial fixed assets,0
Arboga Bilskrot AB,2023,Financial fixed assets,0
Arboga Bilskrot AB,2022,Financial fixed assets,350
Arboga Bilskrot AB,2021,Financial fixed assets,350
Arboga Bilskrot AB,2020,Financial fixed assets,0
Arboga Bilskrot AB,2024,Fixed assets,973
Arboga Bilskrot AB,2023,Fixed assets,915
Arboga Bilskrot AB,2022,Fixed assets,1311
Arboga Bilskrot AB,2021,Fixed assets,1390
Arboga Bilskrot AB,2020,Fixed assets,628
Arboga Bilskrot AB,2024,Inventory,315
Arboga Bilskrot AB,2023,Inventory,315
Arboga Bilskrot AB,2022,Inventory,137
Arboga Bilskrot AB,2021,Inventory,137
Arboga Bilskrot AB,2020,Inventory,122
Arboga Bilskrot AB,2024,Accounts receivable,101
Arboga Bilskrot AB,2023,Accounts receivable,34
Arboga Bilskrot AB,2022,Accounts receivable,9
Arboga Bilskrot AB,2021,Accounts receivable,2
Arboga Bilskrot AB,2020,Accounts receivable,3
Arboga Bilskrot AB,2024,Cash register and bank,11
Arboga Bilskrot AB,2023,Cash register and bank,0
Arboga Bilskrot AB,2022,Cash register and bank,6
Arboga Bilskrot AB,2021,Cash register and bank,7
Arboga Bilskrot AB,2020,Cash register and bank,200
Arboga Bilskrot AB,2024,Current assets,600
Arboga Bilskrot AB,2023,Current assets,532
Arboga Bilskrot AB,2022,Current assets,383
Arboga Bilskrot AB,2021,Current assets,257
Arboga Bilskrot AB,2020,Current assets,388
Arboga Bilskrot AB,2024,Total assets,1573
Arboga Bilskrot AB,2023,Total assets,1447
Arboga Bilskrot AB,2022,Total assets,1694
Arboga Bilskrot AB,2021,Total assets,1647
Arboga Bilskrot AB,2020,Total assets,1016
Arboga Bilskrot AB,2024,Free equity,413
Arboga Bilskrot AB,2023,Free equity,348
Arboga Bilskrot AB,2022,Free equity,758
Arboga Bilskrot AB,2021,Free equity,753
Arboga Bilskrot AB,2020,Free equity,601
Arboga Bilskrot AB,2024,Untaxed reserves,0
Arboga Bilskrot AB,2023,Untaxed reserves,0
Arboga Bilskrot AB,2022,Untaxed reserves,0
Arboga Bilskrot AB,2021,Untaxed reserves,0
Arboga Bilskrot AB,2020,Untaxed reserves,0
Arboga Bilskrot AB,2024,Equity,463
Arboga Bilskrot AB,2023,Equity,398
Arboga Bilskrot AB,2022,Equity,808
Arboga Bilskrot AB,2021,Equity,803
Arboga Bilskrot AB,2020,Equity,651
Arboga Bilskrot AB,2024,Provisions,0
Arboga Bilskrot AB,2023,Provisions,0
Arboga Bilskrot AB,2022,Provisions,0
Arboga Bilskrot AB,2021,Provisions,0
Arboga Bilskrot AB,2020,Provisions,0
Arboga Bilskrot AB,2024,Long-term liabilities,676
Arboga Bilskrot AB,2023,Long-term liabilities,794
Arboga Bilskrot AB,2022,Long-term liabilities,640
Arboga Bilskrot AB,2021,Long-term liabilities,713
Arboga Bilskrot AB,2020,Long-term liabilities,125
Arboga Bilskrot AB,2024,Accounts payable,0
Arboga Bilskrot AB,2023,Accounts payable,0
Arboga Bilskrot AB,2022,Accounts payable,0
Arboga Bilskrot AB,2021,Accounts payable,0
Arboga Bilskrot AB,2020,Accounts payable,12
Arboga Bilskrot AB,2024,Current liabilities,434
Arboga Bilskrot AB,2023,Current liabilities,256
Arboga Bilskrot AB,2022,Current liabilities,246
Arboga Bilskrot AB,2021,Current liabilities,131
Arboga Bilskrot AB,2020,Current liabilities,240
Arboga Bilskrot AB,2024,Total equity and liabilities,1573
Arboga Bilskrot AB,2023,Total equity and liabilities,1447
Arboga Bilskrot AB,2022,Total equity and liabilities,1694
Arboga Bilskrot AB,2021,Total equity and liabilities,1647
Arboga Bilskrot AB,2020,Total equity and liabilities,1016
Arboga Bilskrot AB,2024,Profit margin in %,3.3
Arboga Bilskrot AB,2023,Profit margin in %,-9.1
Arboga Bilskrot AB,2022,Profit margin in %,3
Arboga Bilskrot AB,2021,Profit margin in %,10.1
Arboga Bilskrot AB,2020,Profit margin in %,13.8
Arboga Bilskrot AB,2024,Cash liquidity in %,65.7
Arboga Bilskrot AB,2023,Cash liquidity in %,84.8
Arboga Bilskrot AB,2022,Cash liquidity in %,100
Arboga Bilskrot AB,2021,Cash liquidity in %,91.6
Arboga Bilskrot AB,2020,Cash liquidity in %,110.8
Arboga Bilskrot AB,2024,Equity ratio in %,29.4
Arboga Bilskrot AB,2023,Equity ratio in %,27.5
Arboga Bilskrot AB,2022,Equity ratio in %,47.7
Arboga Bilskrot AB,2021,Equity ratio in %,48.8
Arboga Bilskrot AB,2020,Equity ratio in %,64.1
Arboga Bilskrot AB,2024,Debt ratio,
Arboga Bilskrot AB,2023,Debt ratio,
Arboga Bilskrot AB,2022,Debt ratio,
Arboga Bilskrot AB,2021,Debt ratio,
Arboga Bilskrot AB,2020,Debt ratio,
Arboga Bilskrot AB,2024,Return on equity in %,16.9
Arboga Bilskrot AB,2023,Return on equity in %,-103
Arboga Bilskrot AB,2022,Return on equity in %,13.1
Arboga Bilskrot AB,2021,Return on equity in %,68.9
Arboga Bilskrot AB,2020,Return on equity in %,56.7
Arboga Bilskrot AB,2024,Return on total capital in %,10
Arboga Bilskrot AB,2023,Return on total capital in %,-24.1
Arboga Bilskrot AB,2022,Return on total capital in %,6.7
Arboga Bilskrot AB,2021,Return on total capital in %,33.9
Arboga Bilskrot AB,2020,Return on total capital in %,37.8
Arboga Bilskrot AB,2024,Employees,3
Arboga Bilskrot AB,2023,Employees,3
Arboga Bilskrot AB,2022,Employees,3
Arboga Bilskrot AB,2021,Employees,3
Arboga Bilskrot AB,2020,Employees,3
Arboga Bilskrot AB,2024,Personnel costs per employee (in 1000),599
Arboga Bilskrot AB,2023,Personnel costs per employee (in 1000),504
Arboga Bilskrot AB,2022,Personnel costs per employee (in 1000),611
Arboga Bilskrot AB,2021,Personnel costs per employee (in 1000),512
Arboga Bilskrot AB,2020,Personnel costs per employee (in 1000),375
Arboga Bilskrot AB,2024,EBITDA,479
Arboga Bilskrot AB,2023,EBITDA,-90
Arboga Bilskrot AB,2022,EBITDA,261
Arboga Bilskrot AB,2021,EBITDA,693
Arboga Bilskrot AB,2020,EBITDA,474
Mariestads Bildemontering och Återvinningsteknik AB,2024,Net sales,7360
Mariestads Bildemontering och Återvinningsteknik AB,2023,Net sales,6804
Mariestads Bildemontering och Återvinningsteknik AB,2022,Net sales,6200
Mariestads Bildemontering och Återvinningsteknik AB,2021,Net sales,7280
Mariestads Bildemontering och Återvinningsteknik AB,2020,Net sales,7705
Mariestads Bildemontering och Återvinningsteknik AB,2024,Other turnover,593
Mariestads Bildemontering och Återvinningsteknik AB,2023,Other turnover,621
Mariestads Bildemontering och Återvinningsteknik AB,2022,Other turnover,796
Mariestads Bildemontering och Återvinningsteknik AB,2021,Other turnover,750
Mariestads Bildemontering och Återvinningsteknik AB,2020,Other turnover,728
Mariestads Bildemontering och Återvinningsteknik AB,2024,Turnover,7953
Mariestads Bildemontering och Återvinningsteknik AB,2023,Turnover,7425
Mariestads Bildemontering och Återvinningsteknik AB,2022,Turnover,6996
Mariestads Bildemontering och Återvinningsteknik AB,2021,Turnover,8030
Mariestads Bildemontering och Återvinningsteknik AB,2020,Turnover,8433
Mariestads Bildemontering och Återvinningsteknik AB,2024,Stock change,0
Mariestads Bildemontering och Återvinningsteknik AB,2023,Stock change,0
Mariestads Bildemontering och Återvinningsteknik AB,2022,Stock change,0
Mariestads Bildemontering och Återvinningsteknik AB,2021,Stock change,0
Mariestads Bildemontering och Återvinningsteknik AB,2020,Stock change,0
Mariestads Bildemontering och Återvinningsteknik AB,2024,Operating expenses,-7514
Mariestads Bildemontering och Återvinningsteknik AB,2023,Operating expenses,-7173
Mariestads Bildemontering och Återvinningsteknik AB,2022,Operating expenses,-7270
Mariestads Bildemontering och Återvinningsteknik AB,2021,Operating expenses,-7554
Mariestads Bildemontering och Återvinningsteknik AB,2020,Operating expenses,-6993
Mariestads Bildemontering och Återvinningsteknik AB,2024,Operating profit after depreciation,438
Mariestads Bildemontering och Återvinningsteknik AB,2023,Operating profit after depreciation,252
Mariestads Bildemontering och Återvinningsteknik AB,2022,Operating profit after depreciation,-273
Mariestads Bildemontering och Återvinningsteknik AB,2021,Operating profit after depreciation,476
Mariestads Bildemontering och Återvinningsteknik AB,2020,Operating profit after depreciation,1441
Mariestads Bildemontering och Återvinningsteknik AB,2024,Financial income,8
Mariestads Bildemontering och Återvinningsteknik AB,2023,Financial income,7
Mariestads Bildemontering och Återvinningsteknik AB,2022,Financial income,0
Mariestads Bildemontering och Återvinningsteknik AB,2021,Financial income,0
Mariestads Bildemontering och Återvinningsteknik AB,2020,Financial income,19
Mariestads Bildemontering och Återvinningsteknik AB,2024,Financial costs,-15
Mariestads Bildemontering och Återvinningsteknik AB,2023,Financial costs,-21
Mariestads Bildemontering och Återvinningsteknik AB,2022,Financial costs,-14
Mariestads Bildemontering och Återvinningsteknik AB,2021,Financial costs,-91
Mariestads Bildemontering och Återvinningsteknik AB,2020,Financial costs,-37
Mariestads Bildemontering och Återvinningsteknik AB,2024,Result after net financial items,431
Mariestads Bildemontering och Återvinningsteknik AB,2023,Result after net financial items,238
Mariestads Bildemontering och Återvinningsteknik AB,2022,Result after net financial items,-287
Mariestads Bildemontering och Återvinningsteknik AB,2021,Result after net financial items,384
Mariestads Bildemontering och Återvinningsteknik AB,2020,Result after net financial items,1423
Mariestads Bildemontering och Återvinningsteknik AB,2024,Profit before tax,542
Mariestads Bildemontering och Återvinningsteknik AB,2023,Profit before tax,363
Mariestads Bildemontering och Återvinningsteknik AB,2022,Profit before tax,53
Mariestads Bildemontering och Återvinningsteknik AB,2021,Profit before tax,389
Mariestads Bildemontering och Återvinningsteknik AB,2020,Profit before tax,1608
Mariestads Bildemontering och Återvinningsteknik AB,2024,Tax on the year's profit,-116
Mariestads Bildemontering och Återvinningsteknik AB,2023,Tax on the year's profit,-57
Mariestads Bildemontering och Återvinningsteknik AB,2022,Tax on the year's profit,-15
Mariestads Bildemontering och Återvinningsteknik AB,2021,Tax on the year's profit,-94
Mariestads Bildemontering och Återvinningsteknik AB,2020,Tax on the year's profit,-349
Mariestads Bildemontering och Återvinningsteknik AB,2024,Net income,426
Mariestads Bildemontering och Återvinningsteknik AB,2023,Net income,306
Mariestads Bildemontering och Återvinningsteknik AB,2022,Net income,38
Mariestads Bildemontering och Återvinningsteknik AB,2021,Net income,295
Mariestads Bildemontering och Återvinningsteknik AB,2020,Net income,1259
Mariestads Bildemontering och Återvinningsteknik AB,2024,Intangible fixed assets,0
Mariestads Bildemontering och Återvinningsteknik AB,2023,Intangible fixed assets,0
Mariestads Bildemontering och Återvinningsteknik AB,2022,Intangible fixed assets,0
Mariestads Bildemontering och Återvinningsteknik AB,2021,Intangible fixed assets,0
Mariestads Bildemontering och Återvinningsteknik AB,2020,Intangible fixed assets,0
Mariestads Bildemontering och Återvinningsteknik AB,2024,Tangible fixed assets,1836
Mariestads Bildemontering och Återvinningsteknik AB,2023,Tangible fixed assets,1996
Mariestads Bildemontering och Återvinningsteknik AB,2022,Tangible fixed assets,2105
Mariestads Bildemontering och Återvinningsteknik AB,2021,Tangible fixed assets,2022
Mariestads Bildemontering och Återvinningsteknik AB,2020,Tangible fixed assets,2270
Mariestads Bildemontering och Återvinningsteknik AB,2024,Financial fixed assets,2164
Mariestads Bildemontering och Återvinningsteknik AB,2023,Financial fixed assets,2164
Mariestads Bildemontering och Återvinningsteknik AB,2022,Financial fixed assets,2164
Mariestads Bildemontering och Återvinningsteknik AB,2021,Financial fixed assets,2064
Mariestads Bildemontering och Återvinningsteknik AB,2020,Financial fixed assets,1003
Mariestads Bildemontering och Återvinningsteknik AB,2024,Fixed assets,4000
Mariestads Bildemontering och Återvinningsteknik AB,2023,Fixed assets,4160
Mariestads Bildemontering och Återvinningsteknik AB,2022,Fixed assets,4269
Mariestads Bildemontering och Återvinningsteknik AB,2021,Fixed assets,4087
Mariestads Bildemontering och Återvinningsteknik AB,2020,Fixed assets,3273
Mariestads Bildemontering och Återvinningsteknik AB,2024,Inventory,268
Mariestads Bildemontering och Återvinningsteknik AB,2023,Inventory,380
Mariestads Bildemontering och Återvinningsteknik AB,2022,Inventory,436
Mariestads Bildemontering och Återvinningsteknik AB,2021,Inventory,546
Mariestads Bildemontering och Återvinningsteknik AB,2020,Inventory,401
Mariestads Bildemontering och Återvinningsteknik AB,2024,Accounts receivable,1078
Mariestads Bildemontering och Återvinningsteknik AB,2023,Accounts receivable,233
Mariestads Bildemontering och Återvinningsteknik AB,2022,Accounts receivable,333
Mariestads Bildemontering och Återvinningsteknik AB,2021,Accounts receivable,337
Mariestads Bildemontering och Återvinningsteknik AB,2020,Accounts receivable,262
Mariestads Bildemontering och Återvinningsteknik AB,2024,Cash register and bank,791
Mariestads Bildemontering och Återvinningsteknik AB,2023,Cash register and bank,1275
Mariestads Bildemontering och Återvinningsteknik AB,2022,Cash register and bank,699
Mariestads Bildemontering och Återvinningsteknik AB,2021,Cash register and bank,1453
Mariestads Bildemontering och Återvinningsteknik AB,2020,Cash register and bank,2758
Mariestads Bildemontering och Återvinningsteknik AB,2024,Current assets,2682
Mariestads Bildemontering och Återvinningsteknik AB,2023,Current assets,2511
Mariestads Bildemontering och Återvinningsteknik AB,2022,Current assets,2012
Mariestads Bildemontering och Återvinningsteknik AB,2021,Current assets,2764
Mariestads Bildemontering och Återvinningsteknik AB,2020,Current assets,3600
Mariestads Bildemontering och Återvinningsteknik AB,2024,Total assets,6683
Mariestads Bildemontering och Återvinningsteknik AB,2023,Total assets,6671
Mariestads Bildemontering och Återvinningsteknik AB,2022,Total assets,6281
Mariestads Bildemontering och Återvinningsteknik AB,2021,Total assets,6851
Mariestads Bildemontering och Återvinningsteknik AB,2020,Total assets,6873
Mariestads Bildemontering och Återvinningsteknik AB,2024,Free equity,5122
Mariestads Bildemontering och Återvinningsteknik AB,2023,Free equity,4696
Mariestads Bildemontering och Återvinningsteknik AB,2022,Free equity,4391
Mariestads Bildemontering och Återvinningsteknik AB,2021,Free equity,4353
Mariestads Bildemontering och Återvinningsteknik AB,2020,Free equity,4057
Mariestads Bildemontering och Återvinningsteknik AB,2024,Untaxed reserves,420
Mariestads Bildemontering och Återvinningsteknik AB,2023,Untaxed reserves,531
Mariestads Bildemontering och Återvinningsteknik AB,2022,Untaxed reserves,656
Mariestads Bildemontering och Återvinningsteknik AB,2021,Untaxed reserves,996
Mariestads Bildemontering och Återvinningsteknik AB,2020,Untaxed reserves,1001
Mariestads Bildemontering och Återvinningsteknik AB,2024,Equity,5172
Mariestads Bildemontering och Återvinningsteknik AB,2023,Equity,4746
Mariestads Bildemontering och Återvinningsteknik AB,2022,Equity,4441
Mariestads Bildemontering och Återvinningsteknik AB,2021,Equity,4403
Mariestads Bildemontering och Återvinningsteknik AB,2020,Equity,4107
Mariestads Bildemontering och Återvinningsteknik AB,2024,Provisions,0
Mariestads Bildemontering och Återvinningsteknik AB,2023,Provisions,0
Mariestads Bildemontering och Återvinningsteknik AB,2022,Provisions,0
Mariestads Bildemontering och Återvinningsteknik AB,2021,Provisions,0
Mariestads Bildemontering och Återvinningsteknik AB,2020,Provisions,0
Mariestads Bildemontering och Återvinningsteknik AB,2024,Long-term liabilities,109
Mariestads Bildemontering och Återvinningsteknik AB,2023,Long-term liabilities,171
Mariestads Bildemontering och Återvinningsteknik AB,2022,Long-term liabilities,271
Mariestads Bildemontering och Återvinningsteknik AB,2021,Long-term liabilities,367
Mariestads Bildemontering och Återvinningsteknik AB,2020,Long-term liabilities,467
Mariestads Bildemontering och Återvinningsteknik AB,2024,Accounts payable,300
Mariestads Bildemontering och Återvinningsteknik AB,2023,Accounts payable,430
Mariestads Bildemontering och Återvinningsteknik AB,2022,Accounts payable,215
Mariestads Bildemontering och Återvinningsteknik AB,2021,Accounts payable,222
Mariestads Bildemontering och Återvinningsteknik AB,2020,Accounts payable,302
Mariestads Bildemontering och Återvinningsteknik AB,2024,Current liabilities,982
Mariestads Bildemontering och Återvinningsteknik AB,2023,Current liabilities,1223
Mariestads Bildemontering och Återvinningsteknik AB,2022,Current liabilities,914
Mariestads Bildemontering och Återvinningsteknik AB,2021,Current liabilities,1086
Mariestads Bildemontering och Återvinningsteknik AB,2020,Current liabilities,1298
Mariestads Bildemontering och Återvinningsteknik AB,2024,Total equity and liabilities,6683
Mariestads Bildemontering och Återvinningsteknik AB,2023,Total equity and liabilities,6671
Mariestads Bildemontering och Återvinningsteknik AB,2022,Total equity and liabilities,6281
Mariestads Bildemontering och Återvinningsteknik AB,2021,Total equity and liabilities,6851
Mariestads Bildemontering och Återvinningsteknik AB,2020,Total equity and liabilities,6873
Mariestads Bildemontering och Återvinningsteknik AB,2024,Profit margin in %,5.6
Mariestads Bildemontering och Återvinningsteknik AB,2023,Profit margin in %,3.5
Mariestads Bildemontering och Återvinningsteknik AB,2022,Profit margin in %,-3.9
Mariestads Bildemontering och Återvinningsteknik AB,2021,Profit margin in %,5.9
Mariestads Bildemontering och Återvinningsteknik AB,2020,Profit margin in %,17.3
Mariestads Bildemontering och Återvinningsteknik AB,2024,Cash liquidity in %,245.8
Mariestads Bildemontering och Återvinningsteknik AB,2023,Cash liquidity in %,174.2
Mariestads Bildemontering och Återvinningsteknik AB,2022,Cash liquidity in %,172.4
Mariestads Bildemontering och Återvinningsteknik AB,2021,Cash liquidity in %,204.2
Mariestads Bildemontering och Återvinningsteknik AB,2020,Cash liquidity in %,246.5
Mariestads Bildemontering och Återvinningsteknik AB,2024,Equity ratio in %,82.4
Mariestads Bildemontering och Återvinningsteknik AB,2023,Equity ratio in %,77.5
Mariestads Bildemontering och Återvinningsteknik AB,2022,Equity ratio in %,79
Mariestads Bildemontering och Återvinningsteknik AB,2021,Equity ratio in %,75.8
Mariestads Bildemontering och Återvinningsteknik AB,2020,Equity ratio in %,71.2
Mariestads Bildemontering och Återvinningsteknik AB,2024,Debt ratio,0.2
Mariestads Bildemontering och Återvinningsteknik AB,2023,Debt ratio,0.3
Mariestads Bildemontering och Återvinningsteknik AB,2022,Debt ratio,0.3
Mariestads Bildemontering och Återvinningsteknik AB,2021,Debt ratio,0.3
Mariestads Bildemontering och Återvinningsteknik AB,2020,Debt ratio,0.4
Mariestads Bildemontering och Återvinningsteknik AB,2024,Return on equity in %,7.8
Mariestads Bildemontering och Återvinningsteknik AB,2023,Return on equity in %,4.6
Mariestads Bildemontering och Återvinningsteknik AB,2022,Return on equity in %,-5.8
Mariestads Bildemontering och Återvinningsteknik AB,2021,Return on equity in %,7.4
Mariestads Bildemontering och Återvinningsteknik AB,2020,Return on equity in %,29.1
Mariestads Bildemontering och Återvinningsteknik AB,2024,Return on total capital in %,6.7
Mariestads Bildemontering och Återvinningsteknik AB,2023,Return on total capital in %,3.9
Mariestads Bildemontering och Återvinningsteknik AB,2022,Return on total capital in %,-4.4
Mariestads Bildemontering och Återvinningsteknik AB,2021,Return on total capital in %,7
Mariestads Bildemontering och Återvinningsteknik AB,2020,Return on total capital in %,21.2
Mariestads Bildemontering och Återvinningsteknik AB,2024,Employees,7
Mariestads Bildemontering och Återvinningsteknik AB,2023,Employees,7
Mariestads Bildemontering och Återvinningsteknik AB,2022,Employees,7
Mariestads Bildemontering och Återvinningsteknik AB,2021,Employees,8
Mariestads Bildemontering och Återvinningsteknik AB,2020,Employees,7
Mariestads Bildemontering och Återvinningsteknik AB,2024,Personnel costs per employee (in 1000),413
Mariestads Bildemontering och Återvinningsteknik AB,2023,Personnel costs per employee (in 1000),407
Mariestads Bildemontering och Återvinningsteknik AB,2022,Personnel costs per employee (in 1000),402
Mariestads Bildemontering och Återvinningsteknik AB,2021,Personnel costs per employee (in 1000),377
Mariestads Bildemontering och Återvinningsteknik AB,2020,Personnel costs per employee (in 1000),406
Mariestads Bildemontering och Återvinningsteknik AB,2024,EBITDA,641
Mariestads Bildemontering och Återvinningsteknik AB,2023,EBITDA,466
Mariestads Bildemontering och Återvinningsteknik AB,2022,EBITDA,-91
Mariestads Bildemontering och Återvinningsteknik AB,2021,EBITDA,698
Mariestads Bildemontering och Återvinningsteknik AB,2020,EBITDA,1670
Vingåkers Bilskrot AB,2024,Net sales,4020
Vingåkers Bilskrot AB,2023,Net sales,2724
Vingåkers Bilskrot AB,2022,Net sales,3783
Vingåkers Bilskrot AB,2021,Net sales,3014
Vingåkers Bilskrot AB,2020,Net sales,1946
Vingåkers Bilskrot AB,2024,Other turnover,226
Vingåkers Bilskrot AB,2023,Other turnover,204
Vingåkers Bilskrot AB,2022,Other turnover,31
Vingåkers Bilskrot AB,2021,Other turnover,29
Vingåkers Bilskrot AB,2020,Other turnover,145
Vingåkers Bilskrot AB,2024,Turnover,4246
Vingåkers Bilskrot AB,2023,Turnover,2928
Vingåkers Bilskrot AB,2022,Turnover,3814
Vingåkers Bilskrot AB,2021,Turnover,3043
Vingåkers Bilskrot AB,2020,Turnover,2091
Vingåkers Bilskrot AB,2024,Stock change,0
Vingåkers Bilskrot AB,2023,Stock change,0
Vingåkers Bilskrot AB,2022,Stock change,0
Vingåkers Bilskrot AB,2021,Stock change,0
Vingåkers Bilskrot AB,2020,Stock change,0
Vingåkers Bilskrot AB,2024,Operating expenses,-3446
Vingåkers Bilskrot AB,2023,Operating expenses,-3319
Vingåkers Bilskrot AB,2022,Operating expenses,-3706
Vingåkers Bilskrot AB,2021,Operating expenses,-2672
Vingåkers Bilskrot AB,2020,Operating expenses,-1817
Vingåkers Bilskrot AB,2024,Operating profit after depreciation,799
Vingåkers Bilskrot AB,2023,Operating profit after depreciation,-391
Vingåkers Bilskrot AB,2022,Operating profit after depreciation,107
Vingåkers Bilskrot AB,2021,Operating profit after depreciation,312
Vingåkers Bilskrot AB,2020,Operating profit after depreciation,274
Vingåkers Bilskrot AB,2024,Financial income,1
Vingåkers Bilskrot AB,2023,Financial income,1
Vingåkers Bilskrot AB,2022,Financial income,2
Vingåkers Bilskrot AB,2021,Financial income,0
Vingåkers Bilskrot AB,2020,Financial income,0
Vingåkers Bilskrot AB,2024,Financial costs,-1
Vingåkers Bilskrot AB,2023,Financial costs,-1
Vingåkers Bilskrot AB,2022,Financial costs,-1
Vingåkers Bilskrot AB,2021,Financial costs,-8
Vingåkers Bilskrot AB,2020,Financial costs,-1
Vingåkers Bilskrot AB,2024,Result after net financial items,798
Vingåkers Bilskrot AB,2023,Result after net financial items,-391
Vingåkers Bilskrot AB,2022,Result after net financial items,108
Vingåkers Bilskrot AB,2021,Result after net financial items,304
Vingåkers Bilskrot AB,2020,Result after net financial items,272
Vingåkers Bilskrot AB,2024,Profit before tax,799
Vingåkers Bilskrot AB,2023,Profit before tax,-391
Vingåkers Bilskrot AB,2022,Profit before tax,81
Vingåkers Bilskrot AB,2021,Profit before tax,227
Vingåkers Bilskrot AB,2020,Profit before tax,272
Vingåkers Bilskrot AB,2024,Tax on the year's profit,-86
Vingåkers Bilskrot AB,2023,Tax on the year's profit,0
Vingåkers Bilskrot AB,2022,Tax on the year's profit,-17
Vingåkers Bilskrot AB,2021,Tax on the year's profit,-47
Vingåkers Bilskrot AB,2020,Tax on the year's profit,0
Vingåkers Bilskrot AB,2024,Net income,713
Vingåkers Bilskrot AB,2023,Net income,-391
Vingåkers Bilskrot AB,2022,Net income,64
Vingåkers Bilskrot AB,2021,Net income,180
Vingåkers Bilskrot AB,2020,Net income,272
Vingåkers Bilskrot AB,2024,Intangible fixed assets,0
Vingåkers Bilskrot AB,2023,Intangible fixed assets,0
Vingåkers Bilskrot AB,2022,Intangible fixed assets,0
Vingåkers Bilskrot AB,2021,Intangible fixed assets,1
Vingåkers Bilskrot AB,2020,Intangible fixed assets,0
Vingåkers Bilskrot AB,2024,Tangible fixed assets,1785
Vingåkers Bilskrot AB,2023,Tangible fixed assets,450
Vingåkers Bilskrot AB,2022,Tangible fixed assets,411
Vingåkers Bilskrot AB,2021,Tangible fixed assets,36
Vingåkers Bilskrot AB,2020,Tangible fixed assets,1919
Vingåkers Bilskrot AB,2024,Financial fixed assets,306
Vingåkers Bilskrot AB,2023,Financial fixed assets,306
Vingåkers Bilskrot AB,2022,Financial fixed assets,306
Vingåkers Bilskrot AB,2021,Financial fixed assets,306
Vingåkers Bilskrot AB,2020,Financial fixed assets,0
Vingåkers Bilskrot AB,2024,Fixed assets,2091
Vingåkers Bilskrot AB,2023,Fixed assets,756
Vingåkers Bilskrot AB,2022,Fixed assets,717
Vingåkers Bilskrot AB,2021,Fixed assets,342
Vingåkers Bilskrot AB,2020,Fixed assets,1919
Vingåkers Bilskrot AB,2024,Inventory,18
Vingåkers Bilskrot AB,2023,Inventory,18
Vingåkers Bilskrot AB,2022,Inventory,65
Vingåkers Bilskrot AB,2021,Inventory,241
Vingåkers Bilskrot AB,2020,Inventory,197
Vingåkers Bilskrot AB,2024,Accounts receivable,1463
Vingåkers Bilskrot AB,2023,Accounts receivable,0
Vingåkers Bilskrot AB,2022,Accounts receivable,0
Vingåkers Bilskrot AB,2021,Accounts receivable,70
Vingåkers Bilskrot AB,2020,Accounts receivable,0
Vingåkers Bilskrot AB,2024,Cash register and bank,391
Vingåkers Bilskrot AB,2023,Cash register and bank,1885
Vingåkers Bilskrot AB,2022,Cash register and bank,1923
Vingåkers Bilskrot AB,2021,Cash register and bank,1713
Vingåkers Bilskrot AB,2020,Cash register and bank,86
Vingåkers Bilskrot AB,2024,Current assets,261
Vingåkers Bilskrot AB,2023,Current assets,2074
Vingåkers Bilskrot AB,2022,Current assets,2372
Vingåkers Bilskrot AB,2021,Current assets,2343
Vingåkers Bilskrot AB,2020,Current assets,317
Vingåkers Bilskrot AB,2024,Total assets,2352
Vingåkers Bilskrot AB,2023,Total assets,2830
Vingåkers Bilskrot AB,2022,Total assets,3089
Vingåkers Bilskrot AB,2021,Total assets,2685
Vingåkers Bilskrot AB,2020,Total assets,2235
Vingåkers Bilskrot AB,2024,Free equity,763
Vingåkers Bilskrot AB,2023,Free equity,50
Vingåkers Bilskrot AB,2022,Free equity,441
Vingåkers Bilskrot AB,2021,Free equity,253
Vingåkers Bilskrot AB,2020,Free equity,339
Vingåkers Bilskrot AB,2024,Untaxed reserves,0
Vingåkers Bilskrot AB,2023,Untaxed reserves,0
Vingåkers Bilskrot AB,2022,Untaxed reserves,27
Vingåkers Bilskrot AB,2021,Untaxed reserves,77
Vingåkers Bilskrot AB,2020,Untaxed reserves,0
Vingåkers Bilskrot AB,2024,Equity,1079
Vingåkers Bilskrot AB,2023,Equity,366
Vingåkers Bilskrot AB,2022,Equity,757
Vingåkers Bilskrot AB,2021,Equity,569
Vingåkers Bilskrot AB,2020,Equity,389
Vingåkers Bilskrot AB,2024,Provisions,0
Vingåkers Bilskrot AB,2023,Provisions,0
Vingåkers Bilskrot AB,2022,Provisions,0
Vingåkers Bilskrot AB,2021,Provisions,0
Vingåkers Bilskrot AB,2020,Provisions,0
Vingåkers Bilskrot AB,2024,Long-term liabilities,0
Vingåkers Bilskrot AB,2023,Long-term liabilities,1820
Vingåkers Bilskrot AB,2022,Long-term liabilities,1820
Vingåkers Bilskrot AB,2021,Long-term liabilities,1958
Vingåkers Bilskrot AB,2020,Long-term liabilities,1820
Vingåkers Bilskrot AB,2024,Accounts payable,80
Vingåkers Bilskrot AB,2023,Accounts payable,0
Vingåkers Bilskrot AB,2022,Accounts payable,0
Vingåkers Bilskrot AB,2021,Accounts payable,5
Vingåkers Bilskrot AB,2020,Accounts payable,0
Vingåkers Bilskrot AB,2024,Current liabilities,1273
Vingåkers Bilskrot AB,2023,Current liabilities,644
Vingåkers Bilskrot AB,2022,Current liabilities,485
Vingåkers Bilskrot AB,2021,Current liabilities,81
Vingåkers Bilskrot AB,2020,Current liabilities,27
Vingåkers Bilskrot AB,2024,Total equity and liabilities,2352
Vingåkers Bilskrot AB,2023,Total equity and liabilities,2830
Vingåkers Bilskrot AB,2022,Total equity and liabilities,3089
Vingåkers Bilskrot AB,2021,Total equity and liabilities,2685
Vingåkers Bilskrot AB,2020,Total equity and liabilities,2235
Vingåkers Bilskrot AB,2024,Profit margin in %,18.8
Vingåkers Bilskrot AB,2023,Profit margin in %,-13.3
Vingåkers Bilskrot AB,2022,Profit margin in %,2.9
Vingåkers Bilskrot AB,2021,Profit margin in %,10.3
Vingåkers Bilskrot AB,2020,Profit margin in %,13.1
Vingåkers Bilskrot AB,2024,Cash liquidity in %,19.1
Vingåkers Bilskrot AB,2023,Cash liquidity in %,319.3
Vingåkers Bilskrot AB,2022,Cash liquidity in %,475.7
Vingåkers Bilskrot AB,2021,Cash liquidity in %,2595.1
Vingåkers Bilskrot AB,2020,Cash liquidity in %,444.4
Vingåkers Bilskrot AB,2024,Equity ratio in %,45.9
Vingåkers Bilskrot AB,2023,Equity ratio in %,12.9
Vingåkers Bilskrot AB,2022,Equity ratio in %,25.2
Vingåkers Bilskrot AB,2021,Equity ratio in %,23.5
Vingåkers Bilskrot AB,2020,Equity ratio in %,17.4
Vingåkers Bilskrot AB,2024,Debt ratio,
Vingåkers Bilskrot AB,2023,Debt ratio,
Vingåkers Bilskrot AB,2022,Debt ratio,3
Vingåkers Bilskrot AB,2021,Debt ratio,3.3
Vingåkers Bilskrot AB,2020,Debt ratio,
Vingåkers Bilskrot AB,2024,Return on equity in %,74
Vingåkers Bilskrot AB,2023,Return on equity in %,-106.8
Vingåkers Bilskrot AB,2022,Return on equity in %,13.9
Vingåkers Bilskrot AB,2021,Return on equity in %,48.2
Vingåkers Bilskrot AB,2020,Return on equity in %,69.9
Vingåkers Bilskrot AB,2024,Return on total capital in %,34
Vingåkers Bilskrot AB,2023,Return on total capital in %,-13.8
Vingåkers Bilskrot AB,2022,Return on total capital in %,3.5
Vingåkers Bilskrot AB,2021,Return on total capital in %,11.6
Vingåkers Bilskrot AB,2020,Return on total capital in %,12.3
Vingåkers Bilskrot AB,2024,Employees,3
Vingåkers Bilskrot AB,2023,Employees,3
Vingåkers Bilskrot AB,2022,Employees,2
Vingåkers Bilskrot AB,2021,Employees,
Vingåkers Bilskrot AB,2020,Employees,1
Vingåkers Bilskrot AB,2024,Personnel costs per employee (in 1000),281
Vingåkers Bilskrot AB,2023,Personnel costs per employee (in 1000),396
Vingåkers Bilskrot AB,2022,Personnel costs per employee (in 1000),309
Vingåkers Bilskrot AB,2021,Personnel costs per employee (in 1000),
Vingåkers Bilskrot AB,2020,Personnel costs per employee (in 1000),502
Vingåkers Bilskrot AB,2024,EBITDA,932
Vingåkers Bilskrot AB,2023,EBITDA,-231
Vingåkers Bilskrot AB,2022,EBITDA,175
Vingåkers Bilskrot AB,2021,EBITDA,312
Vingåkers Bilskrot AB,2020,EBITDA,315
Bilåtervinning i Tibro AB,2025,Net sales,9851
Bilåtervinning i Tibro AB,2024,Net sales,8203
Bilåtervinning i Tibro AB,2023,Net sales,7173
Bilåtervinning i Tibro AB,2022,Net sales,10073
Bilåtervinning i Tibro AB,2021,Net sales,9105
Bilåtervinning i Tibro AB,2025,Other turnover,384
Bilåtervinning i Tibro AB,2024,Other turnover,125
Bilåtervinning i Tibro AB,2023,Other turnover,276
Bilåtervinning i Tibro AB,2022,Other turnover,77
Bilåtervinning i Tibro AB,2021,Other turnover,142
Bilåtervinning i Tibro AB,2025,Turnover,10235
Bilåtervinning i Tibro AB,2024,Turnover,8328
Bilåtervinning i Tibro AB,2023,Turnover,7449
Bilåtervinning i Tibro AB,2022,Turnover,10150
Bilåtervinning i Tibro AB,2021,Turnover,9247
Bilåtervinning i Tibro AB,2025,Stock change,0
Bilåtervinning i Tibro AB,2024,Stock change,0
Bilåtervinning i Tibro AB,2023,Stock change,0
Bilåtervinning i Tibro AB,2022,Stock change,0
Bilåtervinning i Tibro AB,2021,Stock change,0
Bilåtervinning i Tibro AB,2025,Operating expenses,-9911
Bilåtervinning i Tibro AB,2024,Operating expenses,-7458
Bilåtervinning i Tibro AB,2023,Operating expenses,-8270
Bilåtervinning i Tibro AB,2022,Operating expenses,-9657
Bilåtervinning i Tibro AB,2021,Operating expenses,-8758
Bilåtervinning i Tibro AB,2025,Operating profit after depreciation,323
Bilåtervinning i Tibro AB,2024,Operating profit after depreciation,870
Bilåtervinning i Tibro AB,2023,Operating profit after depreciation,-822
Bilåtervinning i Tibro AB,2022,Operating profit after depreciation,493
Bilåtervinning i Tibro AB,2021,Operating profit after depreciation,490
Bilåtervinning i Tibro AB,2025,Financial income,0
Bilåtervinning i Tibro AB,2024,Financial income,10
Bilåtervinning i Tibro AB,2023,Financial income,1
Bilåtervinning i Tibro AB,2022,Financial income,2
Bilåtervinning i Tibro AB,2021,Financial income,1
Bilåtervinning i Tibro AB,2025,Financial costs,-79
Bilåtervinning i Tibro AB,2024,Financial costs,-67
Bilåtervinning i Tibro AB,2023,Financial costs,-62
Bilåtervinning i Tibro AB,2022,Financial costs,-52
Bilåtervinning i Tibro AB,2021,Financial costs,-88
Bilåtervinning i Tibro AB,2025,Result after net financial items,244
Bilåtervinning i Tibro AB,2024,Result after net financial items,813
Bilåtervinning i Tibro AB,2023,Result after net financial items,-884
Bilåtervinning i Tibro AB,2022,Result after net financial items,443
Bilåtervinning i Tibro AB,2021,Result after net financial items,403
Bilåtervinning i Tibro AB,2025,Profit before tax,245
Bilåtervinning i Tibro AB,2024,Profit before tax,814
Bilåtervinning i Tibro AB,2023,Profit before tax,-349
Bilåtervinning i Tibro AB,2022,Profit before tax,443
Bilåtervinning i Tibro AB,2021,Profit before tax,295
Bilåtervinning i Tibro AB,2025,Tax on the year's profit,-97
Bilåtervinning i Tibro AB,2024,Tax on the year's profit,-98
Bilåtervinning i Tibro AB,2023,Tax on the year's profit,0
Bilåtervinning i Tibro AB,2022,Tax on the year's profit,-96
Bilåtervinning i Tibro AB,2021,Tax on the year's profit,-69
Bilåtervinning i Tibro AB,2025,Net income,148
Bilåtervinning i Tibro AB,2024,Net income,716
Bilåtervinning i Tibro AB,2023,Net income,-349
Bilåtervinning i Tibro AB,2022,Net income,347
Bilåtervinning i Tibro AB,2021,Net income,226
Bilåtervinning i Tibro AB,2025,Intangible fixed assets,0
Bilåtervinning i Tibro AB,2024,Intangible fixed assets,0
Bilåtervinning i Tibro AB,2023,Intangible fixed assets,0
Bilåtervinning i Tibro AB,2022,Intangible fixed assets,0
Bilåtervinning i Tibro AB,2021,Intangible fixed assets,0
Bilåtervinning i Tibro AB,2025,Tangible fixed assets,2284
Bilåtervinning i Tibro AB,2024,Tangible fixed assets,1886
Bilåtervinning i Tibro AB,2023,Tangible fixed assets,2006
Bilåtervinning i Tibro AB,2022,Tangible fixed assets,2227
Bilåtervinning i Tibro AB,2021,Tangible fixed assets,2135
Bilåtervinning i Tibro AB,2025,Financial fixed assets,183
Bilåtervinning i Tibro AB,2024,Financial fixed assets,183
Bilåtervinning i Tibro AB,2023,Financial fixed assets,183
Bilåtervinning i Tibro AB,2022,Financial fixed assets,183
Bilåtervinning i Tibro AB,2021,Financial fixed assets,183
Bilåtervinning i Tibro AB,2025,Fixed assets,2467
Bilåtervinning i Tibro AB,2024,Fixed assets,2069
Bilåtervinning i Tibro AB,2023,Fixed assets,2189
Bilåtervinning i Tibro AB,2022,Fixed assets,2410
Bilåtervinning i Tibro AB,2021,Fixed assets,2318
Bilåtervinning i Tibro AB,2025,Inventory,3122
Bilåtervinning i Tibro AB,2024,Inventory,3085
Bilåtervinning i Tibro AB,2023,Inventory,3156
Bilåtervinning i Tibro AB,2022,Inventory,3391
Bilåtervinning i Tibro AB,2021,Inventory,3706
Bilåtervinning i Tibro AB,2025,Accounts receivable,366
Bilåtervinning i Tibro AB,2024,Accounts receivable,290
Bilåtervinning i Tibro AB,2023,Accounts receivable,290
Bilåtervinning i Tibro AB,2022,Accounts receivable,257
Bilåtervinning i Tibro AB,2021,Accounts receivable,671
Bilåtervinning i Tibro AB,2025,Cash register and bank,410
Bilåtervinning i Tibro AB,2024,Cash register and bank,904
Bilåtervinning i Tibro AB,2023,Cash register and bank,4
Bilåtervinning i Tibro AB,2022,Cash register and bank,137
Bilåtervinning i Tibro AB,2021,Cash register and bank,98
Bilåtervinning i Tibro AB,2025,Current assets,3897
Bilåtervinning i Tibro AB,2024,Current assets,4535
Bilåtervinning i Tibro AB,2023,Current assets,3701
Bilåtervinning i Tibro AB,2022,Current assets,4413
Bilåtervinning i Tibro AB,2021,Current assets,4701
Bilåtervinning i Tibro AB,2025,Total assets,6364
Bilåtervinning i Tibro AB,2024,Total assets,6604
Bilåtervinning i Tibro AB,2023,Total assets,5890
Bilåtervinning i Tibro AB,2022,Total assets,6823
Bilåtervinning i Tibro AB,2021,Total assets,7018
Bilåtervinning i Tibro AB,2025,Free equity,4906
Bilåtervinning i Tibro AB,2024,Free equity,4758
Bilåtervinning i Tibro AB,2023,Free equity,4043
Bilåtervinning i Tibro AB,2022,Free equity,4391
Bilåtervinning i Tibro AB,2021,Free equity,4044
Bilåtervinning i Tibro AB,2025,Untaxed reserves,0
Bilåtervinning i Tibro AB,2024,Untaxed reserves,0
Bilåtervinning i Tibro AB,2023,Untaxed reserves,0
Bilåtervinning i Tibro AB,2022,Untaxed reserves,535
Bilåtervinning i Tibro AB,2021,Untaxed reserves,535
Bilåtervinning i Tibro AB,2025,Equity,5006
Bilåtervinning i Tibro AB,2024,Equity,4858
Bilåtervinning i Tibro AB,2023,Equity,4143
Bilåtervinning i Tibro AB,2022,Equity,4491
Bilåtervinning i Tibro AB,2021,Equity,4144
Bilåtervinning i Tibro AB,2025,Provisions,0
Bilåtervinning i Tibro AB,2024,Provisions,0
Bilåtervinning i Tibro AB,2023,Provisions,0
Bilåtervinning i Tibro AB,2022,Provisions,0
Bilåtervinning i Tibro AB,2021,Provisions,0
Bilåtervinning i Tibro AB,2025,Long-term liabilities,627
Bilåtervinning i Tibro AB,2024,Long-term liabilities,430
Bilåtervinning i Tibro AB,2023,Long-term liabilities,746
Bilåtervinning i Tibro AB,2022,Long-term liabilities,774
Bilåtervinning i Tibro AB,2021,Long-term liabilities,764
Bilåtervinning i Tibro AB,2025,Accounts payable,53
Bilåtervinning i Tibro AB,2024,Accounts payable,13
Bilåtervinning i Tibro AB,2023,Accounts payable,9
Bilåtervinning i Tibro AB,2022,Accounts payable,82
Bilåtervinning i Tibro AB,2021,Accounts payable,369
Bilåtervinning i Tibro AB,2025,Current liabilities,731
Bilåtervinning i Tibro AB,2024,Current liabilities,1316
Bilåtervinning i Tibro AB,2023,Current liabilities,1001
Bilåtervinning i Tibro AB,2022,Current liabilities,1022
Bilåtervinning i Tibro AB,2021,Current liabilities,1575
Bilåtervinning i Tibro AB,2025,Total equity and liabilities,6364
Bilåtervinning i Tibro AB,2024,Total equity and liabilities,6604
Bilåtervinning i Tibro AB,2023,Total equity and liabilities,5890
Bilåtervinning i Tibro AB,2022,Total equity and liabilities,6823
Bilåtervinning i Tibro AB,2021,Total equity and liabilities,7018
Bilåtervinning i Tibro AB,2025,Profit margin in %,3.2
Bilåtervinning i Tibro AB,2024,Profit margin in %,10.6
Bilåtervinning i Tibro AB,2023,Profit margin in %,-11
Bilåtervinning i Tibro AB,2022,Profit margin in %,4.9
Bilåtervinning i Tibro AB,2021,Profit margin in %,5.3
Bilåtervinning i Tibro AB,2025,Cash liquidity in %,106
Bilåtervinning i Tibro AB,2024,Cash liquidity in %,110.2
Bilåtervinning i Tibro AB,2023,Cash liquidity in %,54.5
Bilåtervinning i Tibro AB,2022,Cash liquidity in %,100
Bilåtervinning i Tibro AB,2021,Cash liquidity in %,63.2
Bilåtervinning i Tibro AB,2025,Equity ratio in %,78.7
Bilåtervinning i Tibro AB,2024,Equity ratio in %,73.6
Bilåtervinning i Tibro AB,2023,Equity ratio in %,70.3
Bilåtervinning i Tibro AB,2022,Equity ratio in %,72.1
Bilåtervinning i Tibro AB,2021,Equity ratio in %,65.1
Bilåtervinning i Tibro AB,2025,Debt ratio,
Bilåtervinning i Tibro AB,2024,Debt ratio,
Bilåtervinning i Tibro AB,2023,Debt ratio,
Bilåtervinning i Tibro AB,2022,Debt ratio,0.4
Bilåtervinning i Tibro AB,2021,Debt ratio,0.5
Bilåtervinning i Tibro AB,2025,Return on equity in %,4.9
Bilåtervinning i Tibro AB,2024,Return on equity in %,16.7
Bilåtervinning i Tibro AB,2023,Return on equity in %,-21.3
Bilåtervinning i Tibro AB,2022,Return on equity in %,9
Bilåtervinning i Tibro AB,2021,Return on equity in %,8.8
Bilåtervinning i Tibro AB,2025,Return on total capital in %,5.1
Bilåtervinning i Tibro AB,2024,Return on total capital in %,13.3
Bilåtervinning i Tibro AB,2023,Return on total capital in %,-13.9
Bilåtervinning i Tibro AB,2022,Return on total capital in %,7.3
Bilåtervinning i Tibro AB,2021,Return on total capital in %,7
Bilåtervinning i Tibro AB,2025,Employees,9
Bilåtervinning i Tibro AB,2024,Employees,7
Bilåtervinning i Tibro AB,2023,Employees,6
Bilåtervinning i Tibro AB,2022,Employees,8
Bilåtervinning i Tibro AB,2021,Employees,9
Bilåtervinning i Tibro AB,2025,Personnel costs per employee (in 1000),395
Bilåtervinning i Tibro AB,2024,Personnel costs per employee (in 1000),382
Bilåtervinning i Tibro AB,2023,Personnel costs per employee (in 1000),442
Bilåtervinning i Tibro AB,2022,Personnel costs per employee (in 1000),366
Bilåtervinning i Tibro AB,2021,Personnel costs per employee (in 1000),377
Bilåtervinning i Tibro AB,2025,EBITDA,604
Bilåtervinning i Tibro AB,2024,EBITDA,1071
Bilåtervinning i Tibro AB,2023,EBITDA,-602
Bilåtervinning i Tibro AB,2022,EBITDA,656
Bilåtervinning i Tibro AB,2021,EBITDA,681
Ekholms Bildemontering AB,2025,Net sales,3548
Ekholms Bildemontering AB,2024,Net sales,3214
Ekholms Bildemontering AB,2023,Net sales,3671
Ekholms Bildemontering AB,2022,Net sales,6256
Ekholms Bildemontering AB,2021,Net sales,6169
Ekholms Bildemontering AB,2025,Turnover,3802
Ekholms Bildemontering AB,2024,Turnover,3447
Ekholms Bildemontering AB,2023,Turnover,4206
Ekholms Bildemontering AB,2022,Turnover,6519
Ekholms Bildemontering AB,2021,Turnover,6428
Ekholms Bildemontering AB,2025,Stock change,0
Ekholms Bildemontering AB,2024,Stock change,0
Ekholms Bildemontering AB,2023,Stock change,0
Ekholms Bildemontering AB,2022,Stock change,0
Ekholms Bildemontering AB,2021,Stock change,0
Ekholms Bildemontering AB,2025,Other turnover,254
Ekholms Bildemontering AB,2024,Other turnover,233
Ekholms Bildemontering AB,2023,Other turnover,535
Ekholms Bildemontering AB,2022,Other turnover,263
Ekholms Bildemontering AB,2021,Other turnover,259
Ekholms Bildemontering AB,2025,Operating profit after depreciation,-347
Ekholms Bildemontering AB,2024,Operating profit after depreciation,-112
Ekholms Bildemontering AB,2023,Operating profit after depreciation,142
Ekholms Bildemontering AB,2022,Operating profit after depreciation,1146
Ekholms Bildemontering AB,2021,Operating profit after depreciation,851
Ekholms Bildemontering AB,2025,Financial income,20
Ekholms Bildemontering AB,2024,Financial income,19
Ekholms Bildemontering AB,2023,Financial income,5
Ekholms Bildemontering AB,2022,Financial income,0
Ekholms Bildemontering AB,2021,Financial income,0
Ekholms Bildemontering AB,2025,Financial costs,-16
Ekholms Bildemontering AB,2024,Financial costs,-26
Ekholms Bildemontering AB,2023,Financial costs,-7
Ekholms Bildemontering AB,2022,Financial costs,-12
Ekholms Bildemontering AB,2025,Operating expenses,-4150
Ekholms Bildemontering AB,2024,Operating expenses,-3561
Ekholms Bildemontering AB,2023,Operating expenses,-4064
Ekholms Bildemontering AB,2022,Operating expenses,-5373
Ekholms Bildemontering AB,2021,Operating expenses,-5577
Ekholms Bildemontering AB,2021,Financial costs,-15
Ekholms Bildemontering AB,2025,Result after net financial items,-343
Ekholms Bildemontering AB,2024,Result after net financial items,-120
Ekholms Bildemontering AB,2023,Result after net financial items,139
Ekholms Bildemontering AB,2022,Result after net financial items,1134
Ekholms Bildemontering AB,2021,Result after net financial items,837
Ekholms Bildemontering AB,2025,Profit before tax,-36
Ekholms Bildemontering AB,2024,Profit before tax,20
Ekholms Bildemontering AB,2023,Profit before tax,112
Ekholms Bildemontering AB,2022,Profit before tax,852
Ekholms Bildemontering AB,2021,Profit before tax,610
Ekholms Bildemontering AB,2025,Tax on the year's profit,-1
Ekholms Bildemontering AB,2024,Tax on the year's profit,-13
Ekholms Bildemontering AB,2023,Tax on the year's profit,-30
Ekholms Bildemontering AB,2022,Tax on the year's profit,-181
Ekholms Bildemontering AB,2021,Tax on the year's profit,-133
Ekholms Bildemontering AB,2025,Results for the year,-37
Ekholms Bildemontering AB,2024,Results for the year,7
Ekholms Bildemontering AB,2023,Results for the year,82
Ekholms Bildemontering AB,2022,Results for the year,671
Ekholms Bildemontering AB,2021,Results for the year,477
Ekholms Bildemontering AB,2025,Intangible fixed assets,0
Ekholms Bildemontering AB,2024,Intangible fixed assets,0
Ekholms Bildemontering AB,2023,Intangible fixed assets,0
Ekholms Bildemontering AB,2022,Intangible fixed assets,0
Ekholms Bildemontering AB,2021,Intangible fixed assets,0
Ekholms Bildemontering AB,2025,Tangible fixed assets,47
Ekholms Bildemontering AB,2024,Tangible fixed assets,35
Ekholms Bildemontering AB,2023,Tangible fixed assets,51
Ekholms Bildemontering AB,2022,Tangible fixed assets,12
Ekholms Bildemontering AB,2021,Tangible fixed assets,20
Ekholms Bildemontering AB,2025,Financial fixed assets,60
Ekholms Bildemontering AB,2024,Financial fixed assets,60
Ekholms Bildemontering AB,2023,Financial fixed assets,60
Ekholms Bildemontering AB,2022,Financial fixed assets,60
Ekholms Bildemontering AB,2021,Financial fixed assets,60
Ekholms Bildemontering AB,2025,Fixed assets,107
Ekholms Bildemontering AB,2024,Fixed assets,95
Ekholms Bildemontering AB,2023,Fixed assets,111
Ekholms Bildemontering AB,2022,Fixed assets,72
Ekholms Bildemontering AB,2021,Fixed assets,80
Ekholms Bildemontering AB,2025,Inventory,0
Ekholms Bildemontering AB,2024,Inventory,0
Ekholms Bildemontering AB,2023,Inventory,0
Ekholms Bildemontering AB,2022,Inventory,0
Ekholms Bildemontering AB,2021,Inventory,272
Ekholms Bildemontering AB,2025,Accounts receivable,127
Ekholms Bildemontering AB,2024,Accounts receivable,147
Ekholms Bildemontering AB,2023,Accounts receivable,109
Ekholms Bildemontering AB,2022,Accounts receivable,61
Ekholms Bildemontering AB,2021,Accounts receivable,58
Ekholms Bildemontering AB,2025,Cash register and bank,522
Ekholms Bildemontering AB,2024,Cash register and bank,629
Ekholms Bildemontering AB,2023,Cash register and bank,589
Ekholms Bildemontering AB,2022,Cash register and bank,2207
Ekholms Bildemontering AB,2021,Cash register and bank,1688
Ekholms Bildemontering AB,2025,Current assets,785
Ekholms Bildemontering AB,2024,Current assets,1049
Ekholms Bildemontering AB,2023,Current assets,1309
Ekholms Bildemontering AB,2022,Current assets,2432
Ekholms Bildemontering AB,2021,Current assets,2188
Ekholms Bildemontering AB,2025,Total assets,892
Ekholms Bildemontering AB,2024,Total assets,1144
Ekholms Bildemontering AB,2023,Total assets,1420
Ekholms Bildemontering AB,2022,Total assets,2505
Ekholms Bildemontering AB,2021,Total assets,2267
Ekholms Bildemontering AB,2025,Free equity,3
Ekholms Bildemontering AB,2024,Free equity,40
Ekholms Bildemontering AB,2023,Free equity,83
Ekholms Bildemontering AB,2022,Free equity,672
Ekholms Bildemontering AB,2021,Free equity,699
Ekholms Bildemontering AB,2025,Untaxed reserves,90
Ekholms Bildemontering AB,2024,Untaxed reserves,397
Ekholms Bildemontering AB,2023,Untaxed reserves,537
Ekholms Bildemontering AB,2022,Untaxed reserves,509
Ekholms Bildemontering AB,2021,Untaxed reserves,227
Ekholms Bildemontering AB,2025,Equity,123
Ekholms Bildemontering AB,2024,Equity,160
Ekholms Bildemontering AB,2023,Equity,203
Ekholms Bildemontering AB,2022,Equity,792
Ekholms Bildemontering AB,2021,Equity,819
Ekholms Bildemontering AB,2025,Provisions,0
Ekholms Bildemontering AB,2024,Provisions,0
Ekholms Bildemontering AB,2023,Provisions,0
Ekholms Bildemontering AB,2022,Provisions,0
Ekholms Bildemontering AB,2021,Provisions,0
Ekholms Bildemontering AB,2025,Long-term liabilities,18
Ekholms Bildemontering AB,2024,Long-term liabilities,0
Ekholms Bildemontering AB,2023,Long-term liabilities,0
Ekholms Bildemontering AB,2022,Long-term liabilities,0
Ekholms Bildemontering AB,2021,Long-term liabilities,0
Ekholms Bildemontering AB,2025,Accounts payable,92
Ekholms Bildemontering AB,2024,Accounts payable,92
Ekholms Bildemontering AB,2023,Accounts payable,102
Ekholms Bildemontering AB,2022,Accounts payable,110
Ekholms Bildemontering AB,2021,Accounts payable,79
Ekholms Bildemontering AB,2025,Current liabilities,661
Ekholms Bildemontering AB,2024,Current liabilities,587
Ekholms Bildemontering AB,2023,Current liabilities,679
Ekholms Bildemontering AB,2022,Current liabilities,1203
Ekholms Bildemontering AB,2021,Current liabilities,1222
Ekholms Bildemontering AB,2025,Total equity and liabilities,892
Ekholms Bildemontering AB,2024,Total equity and liabilities,1144
Ekholms Bildemontering AB,2023,Total equity and liabilities,1420
Ekholms Bildemontering AB,2022,Total equity and liabilities,2505
Ekholms Bildemontering AB,2021,Total equity and liabilities,2267
Ekholms Bildemontering AB,2025,Employees,5
Ekholms Bildemontering AB,2024,Employees,4
Ekholms Bildemontering AB,2023,Employees,4
Ekholms Bildemontering AB,2022,Employees,4
Ekholms Bildemontering AB,2021,Employees,4
Ekholms Bildemontering AB,2025,Personnel costs per employee (in 1000),503
Ekholms Bildemontering AB,2024,Personnel costs per employee (in 1000),485
Ekholms Bildemontering AB,2023,Personnel costs per employee (in 1000),584
Ekholms Bildemontering AB,2022,Personnel costs per employee (in 1000),692
Ekholms Bildemontering AB,2021,Personnel costs per employee (in 1000),662
Ekholms Bildemontering AB,2025,EBITDA,-329
Ekholms Bildemontering AB,2024,EBITDA,-95
Ekholms Bildemontering AB,2023,EBITDA,161
Ekholms Bildemontering AB,2022,EBITDA,1153
Ekholms Bildemontering AB,2021,EBITDA,858
Örebro Bildemontering AB,2024,Net sales,111742
Örebro Bildemontering AB,2023,Net sales,93011
Örebro Bildemontering AB,2022,Net sales,79103
Örebro Bildemontering AB,2021,Net sales,77299
Örebro Bildemontering AB,2020,Net sales,68510
Örebro Bildemontering AB,2024,Other turnover,658
Örebro Bildemontering AB,2023,Other turnover,1371
Örebro Bildemontering AB,2022,Other turnover,569
Örebro Bildemontering AB,2021,Other turnover,763
Örebro Bildemontering AB,2020,Other turnover,1407
Örebro Bildemontering AB,2024,Turnover,112400
Örebro Bildemontering AB,2023,Turnover,94382
Örebro Bildemontering AB,2022,Turnover,79672
Örebro Bildemontering AB,2021,Turnover,78062
Örebro Bildemontering AB,2020,Turnover,69917
Örebro Bildemontering AB,2024,Stock change,0
Örebro Bildemontering AB,2023,Stock change,0
Örebro Bildemontering AB,2022,Stock change,0
Örebro Bildemontering AB,2021,Stock change,0
Örebro Bildemontering AB,2020,Stock change,0
Örebro Bildemontering AB,2024,Operating expenses,-96556
Örebro Bildemontering AB,2023,Operating expenses,-78861
Örebro Bildemontering AB,2022,Operating expenses,-68050
Örebro Bildemontering AB,2021,Operating expenses,-69860
Örebro Bildemontering AB,2020,Operating expenses,-64337
Örebro Bildemontering AB,2024,Operating profit after depreciation,15845
Örebro Bildemontering AB,2023,Operating profit after depreciation,15521
Örebro Bildemontering AB,2022,Operating profit after depreciation,11623
Örebro Bildemontering AB,2021,Operating profit after depreciation,8201
Örebro Bildemontering AB,2020,Operating profit after depreciation,5579
Örebro Bildemontering AB,2024,Financial income,1026
Örebro Bildemontering AB,2023,Financial income,1008
Örebro Bildemontering AB,2022,Financial income,205
Örebro Bildemontering AB,2021,Financial income,10887
Örebro Bildemontering AB,2020,Financial income,2
Örebro Bildemontering AB,2024,Financial costs,-1
Örebro Bildemontering AB,2023,Financial costs,-9
Örebro Bildemontering AB,2022,Financial costs,-11
Örebro Bildemontering AB,2021,Financial costs,-11
Örebro Bildemontering AB,2020,Financial costs,-64
Örebro Bildemontering AB,2024,Result after net financial items,16870
Örebro Bildemontering AB,2023,Result after net financial items,16521
Örebro Bildemontering AB,2022,Result after net financial items,11817
Örebro Bildemontering AB,2021,Result after net financial items,19078
Örebro Bildemontering AB,2020,Result after net financial items,5517
Örebro Bildemontering AB,2024,Profit before tax,6870
Örebro Bildemontering AB,2023,Profit before tax,11521
Örebro Bildemontering AB,2022,Profit before tax,4192
Örebro Bildemontering AB,2021,Profit before tax,11078
Örebro Bildemontering AB,2020,Profit before tax,5518
Örebro Bildemontering AB,2024,Tax on the year's profit,-1434
Örebro Bildemontering AB,2023,Tax on the year's profit,-2387
Örebro Bildemontering AB,2022,Tax on the year's profit,-878
Örebro Bildemontering AB,2021,Tax on the year's profit,-117
Örebro Bildemontering AB,2020,Tax on the year's profit,-1139
Örebro Bildemontering AB,2024,Results for the year,5436
Örebro Bildemontering AB,2023,Results for the year,9134
Örebro Bildemontering AB,2022,Results for the year,3314
Örebro Bildemontering AB,2021,Results for the year,10961
Örebro Bildemontering AB,2020,Results for the year,4379
Örebro Bildemontering AB,2024,Intangible fixed assets,0
Örebro Bildemontering AB,2023,Intangible fixed assets,0
Örebro Bildemontering AB,2022,Intangible fixed assets,0
Örebro Bildemontering AB,2021,Intangible fixed assets,0
Örebro Bildemontering AB,2020,Intangible fixed assets,0
Örebro Bildemontering AB,2024,Tangible fixed assets,29542
Örebro Bildemontering AB,2023,Tangible fixed assets,28901
Örebro Bildemontering AB,2022,Tangible fixed assets,14212
Örebro Bildemontering AB,2021,Tangible fixed assets,15941
Örebro Bildemontering AB,2020,Tangible fixed assets,18428
Örebro Bildemontering AB,2024,Financial fixed assets,133
Örebro Bildemontering AB,2023,Financial fixed assets,133
Örebro Bildemontering AB,2022,Financial fixed assets,133
Örebro Bildemontering AB,2021,Financial fixed assets,133
Örebro Bildemontering AB,2020,Financial fixed assets,2703
Örebro Bildemontering AB,2024,Fixed assets,29675
Örebro Bildemontering AB,2023,Fixed assets,29034
Örebro Bildemontering AB,2022,Fixed assets,14344
Örebro Bildemontering AB,2021,Fixed assets,16074
Örebro Bildemontering AB,2020,Fixed assets,21131
Örebro Bildemontering AB,2024,Inventory,10219
Örebro Bildemontering AB,2023,Inventory,8427
Örebro Bildemontering AB,2022,Inventory,8204
Örebro Bildemontering AB,2021,Inventory,9721
Örebro Bildemontering AB,2020,Inventory,12151
Örebro Bildemontering AB,2024,Accounts receivable,7177
Örebro Bildemontering AB,2023,Accounts receivable,6704
Örebro Bildemontering AB,2022,Accounts receivable,5276
Örebro Bildemontering AB,2021,Accounts receivable,4724
Örebro Bildemontering AB,2020,Accounts receivable,3406
Örebro Bildemontering AB,2024,Cash register and bank,5003
Örebro Bildemontering AB,2023,Cash register and bank,3556
Örebro Bildemontering AB,2022,Cash register and bank,10819
Örebro Bildemontering AB,2021,Cash register and bank,5782
Örebro Bildemontering AB,2020,Cash register and bank,2341
Örebro Bildemontering AB,2024,Current assets,37595
Örebro Bildemontering AB,2023,Current assets,33342
Örebro Bildemontering AB,2022,Current assets,35963
Örebro Bildemontering AB,2021,Current assets,30449
Örebro Bildemontering AB,2020,Current assets,18358
Örebro Bildemontering AB,2024,Total assets,67269
Örebro Bildemontering AB,2023,Total assets,62376
Örebro Bildemontering AB,2022,Total assets,50307
Örebro Bildemontering AB,2021,Total assets,46523
Örebro Bildemontering AB,2020,Total assets,39489
Örebro Bildemontering AB,2024,Free equity,56614
Örebro Bildemontering AB,2023,Free equity,51178
Örebro Bildemontering AB,2022,Free equity,42045
Örebro Bildemontering AB,2021,Free equity,38731
Örebro Bildemontering AB,2020,Free equity,27769
Örebro Bildemontering AB,2024,Untaxed reserves,0
Örebro Bildemontering AB,2023,Untaxed reserves,0
Örebro Bildemontering AB,2022,Untaxed reserves,0
Örebro Bildemontering AB,2021,Untaxed reserves,0
Örebro Bildemontering AB,2020,Untaxed reserves,0
Örebro Bildemontering AB,2024,Equity,57214
Örebro Bildemontering AB,2023,Equity,51778
Örebro Bildemontering AB,2022,Equity,42645
Örebro Bildemontering AB,2021,Equity,39331
Örebro Bildemontering AB,2020,Equity,28369
Örebro Bildemontering AB,2024,Provisions,412
Örebro Bildemontering AB,2023,Provisions,371
Örebro Bildemontering AB,2022,Provisions,213
Örebro Bildemontering AB,2021,Provisions,120
Örebro Bildemontering AB,2020,Provisions,30
Örebro Bildemontering AB,2024,Long-term liabilities,0
Örebro Bildemontering AB,2023,Long-term liabilities,0
Örebro Bildemontering AB,2022,Long-term liabilities,0
Örebro Bildemontering AB,2021,Long-term liabilities,0
Örebro Bildemontering AB,2020,Long-term liabilities,0
Örebro Bildemontering AB,2024,Accounts payable,4554
Örebro Bildemontering AB,2023,Accounts payable,3972
Örebro Bildemontering AB,2022,Accounts payable,3444
Örebro Bildemontering AB,2021,Accounts payable,2817
Örebro Bildemontering AB,2020,Accounts payable,1953
Örebro Bildemontering AB,2024,Current liabilities,9643
Örebro Bildemontering AB,2023,Current liabilities,10226
Örebro Bildemontering AB,2022,Current liabilities,7450
Örebro Bildemontering AB,2021,Current liabilities,7072
Örebro Bildemontering AB,2020,Current liabilities,11089
Örebro Bildemontering AB,2024,Total equity and liabilities,67269
Örebro Bildemontering AB,2023,Total equity and liabilities,62376
Örebro Bildemontering AB,2022,Total equity and liabilities,50307
Örebro Bildemontering AB,2021,Total equity and liabilities,46523
Örebro Bildemontering AB,2020,Total equity and liabilities,39489
Örebro Bildemontering AB,2024,Employees,35
Örebro Bildemontering AB,2023,Employees,32
Örebro Bildemontering AB,2022,Employees,32
Örebro Bildemontering AB,2021,Employees,33
Örebro Bildemontering AB,2020,Employees,33
Örebro Bildemontering AB,2024,Personnel costs per employee (in 1000),529
Örebro Bildemontering AB,2023,Personnel costs per employee (in 1000),516
Örebro Bildemontering AB,2022,Personnel costs per employee (in 1000),498
Örebro Bildemontering AB,2021,Personnel costs per employee (in 1000),493
Örebro Bildemontering AB,2020,Personnel costs per employee (in 1000),515
Örebro Bildemontering AB,2024,EBITDA,18169
Örebro Bildemontering AB,2023,EBITDA,17569
Örebro Bildemontering AB,2022,EBITDA,13915
Örebro Bildemontering AB,2021,EBITDA,10800
Örebro Bildemontering AB,2020,EBITDA,8185
Bjuhrs Bil AB,2024,Net sales,8085
Bjuhrs Bil AB,2023,Net sales,8034
Bjuhrs Bil AB,2022,Net sales,7362
Bjuhrs Bil AB,2021,Net sales,7928
Bjuhrs Bil AB,2020,Net sales,7130
Bjuhrs Bil AB,2024,Other turnover,38
Bjuhrs Bil AB,2023,Other turnover,24
Bjuhrs Bil AB,2022,Other turnover,4
Bjuhrs Bil AB,2021,Other turnover,92
Bjuhrs Bil AB,2020,Other turnover,4
Bjuhrs Bil AB,2024,Turnover,8123
Bjuhrs Bil AB,2023,Turnover,8058
Bjuhrs Bil AB,2022,Turnover,7366
Bjuhrs Bil AB,2021,Turnover,8020
Bjuhrs Bil AB,2020,Turnover,7134
Bjuhrs Bil AB,2024,Operating expenses,-7964
Bjuhrs Bil AB,2023,Operating expenses,-8241
Bjuhrs Bil AB,2022,Operating expenses,-6314
Bjuhrs Bil AB,2021,Operating expenses,-6977
Bjuhrs Bil AB,2020,Operating expenses,-7129
Bjuhrs Bil AB,2024,Operating profit after depreciation,158
Bjuhrs Bil AB,2023,Operating profit after depreciation,-183
Bjuhrs Bil AB,2022,Operating profit after depreciation,1052
Bjuhrs Bil AB,2021,Operating profit after depreciation,1043
Bjuhrs Bil AB,2020,Operating profit after depreciation,6
Bjuhrs Bil AB,2024,Financial income,2
Bjuhrs Bil AB,2023,Financial income,0
Bjuhrs Bil AB,2022,Financial income,0
Bjuhrs Bil AB,2021,Financial income,0
Bjuhrs Bil AB,2020,Financial income,0
Bjuhrs Bil AB,2024,Financial costs,-30
Bjuhrs Bil AB,2023,Financial costs,-35
Bjuhrs Bil AB,2022,Financial costs,-21
Bjuhrs Bil AB,2021,Financial costs,-20
Bjuhrs Bil AB,2020,Financial costs,-21
Bjuhrs Bil AB,2024,Result after net financial items,130
Bjuhrs Bil AB,2023,Result after net financial items,-217
Bjuhrs Bil AB,2022,Result after net financial items,1031
Bjuhrs Bil AB,2021,Result after net financial items,1023
Bjuhrs Bil AB,2020,Result after net financial items,-15
Bjuhrs Bil AB,2024,Profit before tax,139
Bjuhrs Bil AB,2023,Profit before tax,266
Bjuhrs Bil AB,2022,Profit before tax,736
Bjuhrs Bil AB,2021,Profit before tax,793
Bjuhrs Bil AB,2020,Profit before tax,-15
Bjuhrs Bil AB,2024,Tax on the year's profit,-30
Bjuhrs Bil AB,2023,Tax on the year's profit,-60
Bjuhrs Bil AB,2022,Tax on the year's profit,-146
Bjuhrs Bil AB,2021,Tax on the year's profit,-143
Bjuhrs Bil AB,2020,Tax on the year's profit,0
Bjuhrs Bil AB,2024,Results for the year,109
Bjuhrs Bil AB,2023,Results for the year,206
Bjuhrs Bil AB,2022,Results for the year,590
Bjuhrs Bil AB,2021,Results for the year,650
Bjuhrs Bil AB,2020,Results for the year,-15
Bjuhrs Bil AB,2024,Tangible fixed assets,1296
Bjuhrs Bil AB,2023,Tangible fixed assets,1452
Bjuhrs Bil AB,2022,Tangible fixed assets,1520
Bjuhrs Bil AB,2021,Tangible fixed assets,1727
Bjuhrs Bil AB,2020,Tangible fixed assets,1789
Bjuhrs Bil AB,2024,Fixed assets,1296
Bjuhrs Bil AB,2023,Fixed assets,1452
Bjuhrs Bil AB,2022,Fixed assets,1520
Bjuhrs Bil AB,2021,Fixed assets,1727
Bjuhrs Bil AB,2020,Fixed assets,1789
Bjuhrs Bil AB,2024,Inventory,708
Bjuhrs Bil AB,2023,Inventory,563
Bjuhrs Bil AB,2022,Inventory,1166
Bjuhrs Bil AB,2021,Inventory,555
Bjuhrs Bil AB,2020,Inventory,325
Bjuhrs Bil AB,2024,Accounts receivable,168
Bjuhrs Bil AB,2023,Accounts receivable,307
Bjuhrs Bil AB,2022,Accounts receivable,376
Bjuhrs Bil AB,2021,Accounts receivable,288
Bjuhrs Bil AB,2020,Accounts receivable,295
Bjuhrs Bil AB,2024,Cash register and bank,1990
Bjuhrs Bil AB,2023,Cash register and bank,1488
Bjuhrs Bil AB,2022,Cash register and bank,1504
Bjuhrs Bil AB,2021,Cash register and bank,1478
Bjuhrs Bil AB,2020,Cash register and bank,906
Bjuhrs Bil AB,2024,Current assets,3302
Bjuhrs Bil AB,2023,Current assets,2707
Bjuhrs Bil AB,2022,Current assets,3221
Bjuhrs Bil AB,2021,Current assets,2527
Bjuhrs Bil AB,2020,Current assets,1819
Bjuhrs Bil AB,2024,Total assets,4599
Bjuhrs Bil AB,2023,Total assets,4160
Bjuhrs Bil AB,2022,Total assets,4741
Bjuhrs Bil AB,2021,Total assets,4253
Bjuhrs Bil AB,2020,Total assets,3607
Bjuhrs Bil AB,2024,Free equity,2612
Bjuhrs Bil AB,2023,Free equity,2503
Bjuhrs Bil AB,2022,Free equity,2297
Bjuhrs Bil AB,2021,Free equity,2007
Bjuhrs Bil AB,2020,Free equity,1358
Bjuhrs Bil AB,2024,Untaxed reserves,32
Bjuhrs Bil AB,2023,Untaxed reserves,41
Bjuhrs Bil AB,2022,Untaxed reserves,525
Bjuhrs Bil AB,2021,Untaxed reserves,230
Bjuhrs Bil AB,2020,Untaxed reserves,0
Bjuhrs Bil AB,2024,Equity,2732
Bjuhrs Bil AB,2023,Equity,2623
Bjuhrs Bil AB,2022,Equity,2417
Bjuhrs Bil AB,2021,Equity,2127
Bjuhrs Bil AB,2020,Equity,1478
Bjuhrs Bil AB,2024,Long-term liabilities,379
Bjuhrs Bil AB,2023,Long-term liabilities,463
Bjuhrs Bil AB,2022,Long-term liabilities,547
Bjuhrs Bil AB,2021,Long-term liabilities,631
Bjuhrs Bil AB,2020,Long-term liabilities,666
Bjuhrs Bil AB,2024,Accounts payable,470
Bjuhrs Bil AB,2023,Accounts payable,126
Bjuhrs Bil AB,2022,Accounts payable,452
Bjuhrs Bil AB,2021,Accounts payable,462
Bjuhrs Bil AB,2020,Accounts payable,439
Bjuhrs Bil AB,2024,Current liabilities,1455
Bjuhrs Bil AB,2023,Current liabilities,1032
Bjuhrs Bil AB,2022,Current liabilities,1252
Bjuhrs Bil AB,2021,Current liabilities,1265
Bjuhrs Bil AB,2020,Current liabilities,1464
Bjuhrs Bil AB,2024,Total equity and liabilities,4599
Bjuhrs Bil AB,2023,Total equity and liabilities,4160
Bjuhrs Bil AB,2022,Total equity and liabilities,4741
Bjuhrs Bil AB,2021,Total equity and liabilities,4253
Bjuhrs Bil AB,2020,Total equity and liabilities,3607
Bjuhrs Bil AB,2024,Employees,5
Bjuhrs Bil AB,2023,Employees,5
Bjuhrs Bil AB,2022,Employees,5
Bjuhrs Bil AB,2021,Employees,7
Bjuhrs Bil AB,2020,Employees,7
Bjuhrs Bil AB,2024,Personnel costs per employee (in 1000),547
Bjuhrs Bil AB,2023,Personnel costs per employee (in 1000),526
Bjuhrs Bil AB,2022,Personnel costs per employee (in 1000),490
Bjuhrs Bil AB,2021,Personnel costs per employee (in 1000),402
Bjuhrs Bil AB,2020,Personnel costs per employee (in 1000),385
Bjuhrs Bil AB,2024,EBITDA,314
Bjuhrs Bil AB,2023,EBITDA,6
Bjuhrs Bil AB,2022,EBITDA,1291
Bjuhrs Bil AB,2021,EBITDA,1309
Bjuhrs Bil AB,2020,EBITDA,270
Bjuhrs Bil AB,2023,Financial fixed assets,0
Bjuhrs Bil AB,2023,Intangible fixed assets,0
Bjuhrs Bil AB,2023,Provisions,0
Bjuhrs Bil AB,2023,Stock change,0
Bjuhrs Bil AB,2022,Financial fixed assets,0
Bjuhrs Bil AB,2022,Intangible fixed assets,0
Bjuhrs Bil AB,2022,Provisions,0
Bjuhrs Bil AB,2022,Stock change,0
Bjuhrs Bil AB,2021,Financial fixed assets,0
Bjuhrs Bil AB,2021,Intangible fixed assets,0
Bjuhrs Bil AB,2021,Provisions,0
Bjuhrs Bil AB,2021,Stock change,0
Bjuhrs Bil AB,2024,Financial fixed assets,0
Bjuhrs Bil AB,2024,Intangible fixed assets,0
Bjuhrs Bil AB,2024,Provisions,0
Bjuhrs Bil AB,2024,Stock change,0
Bjuhrs Bil AB,2020,Financial fixed assets,0
Bjuhrs Bil AB,2020,Intangible fixed assets,0
Bjuhrs Bil AB,2020,Provisions,0
Bjuhrs Bil AB,2020,Stock change,0
Nya Högåsens Bildemontering AB,2024,Net sales,1851
Nya Högåsens Bildemontering AB,2023,Net sales,2486
Nya Högåsens Bildemontering AB,2022,Net sales,2959
Nya Högåsens Bildemontering AB,2021,Net sales,3090
Nya Högåsens Bildemontering AB,2020,Net sales,3011
Nya Högåsens Bildemontering AB,2024,Other turnover,6
Nya Högåsens Bildemontering AB,2023,Other turnover,33
Nya Högåsens Bildemontering AB,2022,Other turnover,0
Nya Högåsens Bildemontering AB,2021,Other turnover,0
Nya Högåsens Bildemontering AB,2020,Other turnover,0
Nya Högåsens Bildemontering AB,2024,Turnover,1857
Nya Högåsens Bildemontering AB,2023,Turnover,2519
Nya Högåsens Bildemontering AB,2022,Turnover,2959
Nya Högåsens Bildemontering AB,2021,Turnover,3090
Nya Högåsens Bildemontering AB,2020,Turnover,3011
Nya Högåsens Bildemontering AB,2024,Stock change,0
Nya Högåsens Bildemontering AB,2023,Stock change,0
Nya Högåsens Bildemontering AB,2022,Stock change,0
Nya Högåsens Bildemontering AB,2021,Stock change,0
Nya Högåsens Bildemontering AB,2020,Stock change,0
Nya Högåsens Bildemontering AB,2024,Operating expenses,-1838
Nya Högåsens Bildemontering AB,2023,Operating expenses,-2420
Nya Högåsens Bildemontering AB,2022,Operating expenses,-2859
Nya Högåsens Bildemontering AB,2021,Operating expenses,-2735
Nya Högåsens Bildemontering AB,2020,Operating expenses,-2991
Nya Högåsens Bildemontering AB,2024,Operating profit after depreciation,20
Nya Högåsens Bildemontering AB,2023,Operating profit after depreciation,99
Nya Högåsens Bildemontering AB,2022,Operating profit after depreciation,99
Nya Högåsens Bildemontering AB,2021,Operating profit after depreciation,355
Nya Högåsens Bildemontering AB,2020,Operating profit after depreciation,20
Nya Högåsens Bildemontering AB,2024,Financial income,6
Nya Högåsens Bildemontering AB,2023,Financial income,6
Nya Högåsens Bildemontering AB,2022,Financial income,0
Nya Högåsens Bildemontering AB,2021,Financial income,0
Nya Högåsens Bildemontering AB,2020,Financial income,0
Nya Högåsens Bildemontering AB,2024,Financial costs,-34
Nya Högåsens Bildemontering AB,2023,Financial costs,-19
Nya Högåsens Bildemontering AB,2022,Financial costs,-15
Nya Högåsens Bildemontering AB,2021,Financial costs,-30
Nya Högåsens Bildemontering AB,2020,Financial costs,-29
Nya Högåsens Bildemontering AB,2024,Result after net financial items,-9
Nya Högåsens Bildemontering AB,2023,Result after net financial items,85
Nya Högåsens Bildemontering AB,2022,Result after net financial items,84
Nya Högåsens Bildemontering AB,2021,Result after net financial items,326
Nya Högåsens Bildemontering AB,2020,Result after net financial items,-9
Nya Högåsens Bildemontering AB,2024,Profit before tax,-9
Nya Högåsens Bildemontering AB,2023,Profit before tax,85
Nya Högåsens Bildemontering AB,2022,Profit before tax,85
Nya Högåsens Bildemontering AB,2021,Profit before tax,326
Nya Högåsens Bildemontering AB,2020,Profit before tax,-9
Nya Högåsens Bildemontering AB,2024,Tax on the year's profit,0
Nya Högåsens Bildemontering AB,2023,Tax on the year's profit,-18
Nya Högåsens Bildemontering AB,2022,Tax on the year's profit,-20
Nya Högåsens Bildemontering AB,2021,Tax on the year's profit,-50
Nya Högåsens Bildemontering AB,2020,Tax on the year's profit,0
Nya Högåsens Bildemontering AB,2024,Results for the year,-9
Nya Högåsens Bildemontering AB,2023,Results for the year,67
Nya Högåsens Bildemontering AB,2022,Results for the year,65
Nya Högåsens Bildemontering AB,2021,Results for the year,276
Nya Högåsens Bildemontering AB,2020,Results for the year,-9
Nya Högåsens Bildemontering AB,2024,Intangible fixed assets,0
Nya Högåsens Bildemontering AB,2023,Intangible fixed assets,0
Nya Högåsens Bildemontering AB,2022,Intangible fixed assets,0
Nya Högåsens Bildemontering AB,2021,Intangible fixed assets,0
Nya Högåsens Bildemontering AB,2020,Intangible fixed assets,0
Nya Högåsens Bildemontering AB,2024,Tangible fixed assets,533
Nya Högåsens Bildemontering AB,2023,Tangible fixed assets,533
Nya Högåsens Bildemontering AB,2022,Tangible fixed assets,545
Nya Högåsens Bildemontering AB,2021,Tangible fixed assets,570
Nya Högåsens Bildemontering AB,2020,Tangible fixed assets,609
Nya Högåsens Bildemontering AB,2024,Financial fixed assets,0
Nya Högåsens Bildemontering AB,2023,Financial fixed assets,0
Nya Högåsens Bildemontering AB,2022,Financial fixed assets,0
Nya Högåsens Bildemontering AB,2021,Financial fixed assets,0
Nya Högåsens Bildemontering AB,2020,Financial fixed assets,0
Nya Högåsens Bildemontering AB,2024,Fixed assets,533
Nya Högåsens Bildemontering AB,2023,Fixed assets,533
Nya Högåsens Bildemontering AB,2022,Fixed assets,545
Nya Högåsens Bildemontering AB,2021,Fixed assets,570
Nya Högåsens Bildemontering AB,2020,Fixed assets,609
Nya Högåsens Bildemontering AB,2024,Inventory,1557
Nya Högåsens Bildemontering AB,2023,Inventory,1567
Nya Högåsens Bildemontering AB,2022,Inventory,1431
Nya Högåsens Bildemontering AB,2021,Inventory,1411
Nya Högåsens Bildemontering AB,2020,Inventory,1809
Nya Högåsens Bildemontering AB,2024,Accounts receivable,1
Nya Högåsens Bildemontering AB,2023,Accounts receivable,1
Nya Högåsens Bildemontering AB,2022,Accounts receivable,0
Nya Högåsens Bildemontering AB,2021,Accounts receivable,0
Nya Högåsens Bildemontering AB,2020,Accounts receivable,1
Nya Högåsens Bildemontering AB,2024,Cash register and bank,318
Nya Högåsens Bildemontering AB,2023,Cash register and bank,314
Nya Högåsens Bildemontering AB,2022,Cash register and bank,323
Nya Högåsens Bildemontering AB,2021,Cash register and bank,788
Nya Högåsens Bildemontering AB,2020,Cash register and bank,354
Nya Högåsens Bildemontering AB,2024,Current assets,1906
Nya Högåsens Bildemontering AB,2023,Current assets,2016
Nya Högåsens Bildemontering AB,2022,Current assets,1771
Nya Högåsens Bildemontering AB,2021,Current assets,2236
Nya Högåsens Bildemontering AB,2020,Current assets,2229
Nya Högåsens Bildemontering AB,2024,Total assets,2439
Nya Högåsens Bildemontering AB,2023,Total assets,2549
Nya Högåsens Bildemontering AB,2022,Total assets,2316
Nya Högåsens Bildemontering AB,2021,Total assets,2806
Nya Högåsens Bildemontering AB,2020,Total assets,2838
Nya Högåsens Bildemontering AB,2024,Free equity,1050
Nya Högåsens Bildemontering AB,2023,Free equity,1059
Nya Högåsens Bildemontering AB,2022,Free equity,992
Nya Högåsens Bildemontering AB,2021,Free equity,927
Nya Högåsens Bildemontering AB,2020,Free equity,652
Nya Högåsens Bildemontering AB,2024,Untaxed reserves,0
Nya Högåsens Bildemontering AB,2023,Untaxed reserves,0
Nya Högåsens Bildemontering AB,2022,Untaxed reserves,0
Nya Högåsens Bildemontering AB,2021,Untaxed reserves,0
Nya Högåsens Bildemontering AB,2020,Untaxed reserves,0
Nya Högåsens Bildemontering AB,2024,Equity,1150
Nya Högåsens Bildemontering AB,2023,Equity,1159
Nya Högåsens Bildemontering AB,2022,Equity,1092
Nya Högåsens Bildemontering AB,2021,Equity,1027
Nya Högåsens Bildemontering AB,2020,Equity,752
Nya Högåsens Bildemontering AB,2024,Provisions,0
Nya Högåsens Bildemontering AB,2023,Provisions,0
Nya Högåsens Bildemontering AB,2022,Provisions,0
Nya Högåsens Bildemontering AB,2021,Provisions,0
Nya Högåsens Bildemontering AB,2020,Provisions,0
Nya Högåsens Bildemontering AB,2024,Long-term liabilities,289
Nya Högåsens Bildemontering AB,2023,Long-term liabilities,284
Nya Högåsens Bildemontering AB,2022,Long-term liabilities,9
Nya Högåsens Bildemontering AB,2021,Long-term liabilities,0
Nya Högåsens Bildemontering AB,2020,Long-term liabilities,340
Nya Högåsens Bildemontering AB,2024,Accounts payable,0
Nya Högåsens Bildemontering AB,2023,Accounts payable,0
Nya Högåsens Bildemontering AB,2022,Accounts payable,0
Nya Högåsens Bildemontering AB,2021,Accounts payable,0
Nya Högåsens Bildemontering AB,2020,Accounts payable,0
Nya Högåsens Bildemontering AB,2024,Current liabilities,1001
Nya Högåsens Bildemontering AB,2023,Current liabilities,1106
Nya Högåsens Bildemontering AB,2022,Current liabilities,1215
Nya Högåsens Bildemontering AB,2021,Current liabilities,1779
Nya Högåsens Bildemontering AB,2020,Current liabilities,1746
Nya Högåsens Bildemontering AB,2024,Total equity and liabilities,2439
Nya Högåsens Bildemontering AB,2023,Total equity and liabilities,2549
Nya Högåsens Bildemontering AB,2022,Total equity and liabilities,2316
Nya Högåsens Bildemontering AB,2021,Total equity and liabilities,2806
Nya Högåsens Bildemontering AB,2020,Total equity and liabilities,2838
Nya Högåsens Bildemontering AB,2024,Employees,1
Nya Högåsens Bildemontering AB,2023,Employees,2
Nya Högåsens Bildemontering AB,2022,Employees,2
Nya Högåsens Bildemontering AB,2021,Employees,2
Nya Högåsens Bildemontering AB,2020,Employees,2
Nya Högåsens Bildemontering AB,2024,Personnel costs per employee (in 1000),607
Nya Högåsens Bildemontering AB,2023,Personnel costs per employee (in 1000),539
Nya Högåsens Bildemontering AB,2022,Personnel costs per employee (in 1000),454
Nya Högåsens Bildemontering AB,2021,Personnel costs per employee (in 1000),307
Nya Högåsens Bildemontering AB,2020,Personnel costs per employee (in 1000),314
Nya Högåsens Bildemontering AB,2024,EBITDA,20
Nya Högåsens Bildemontering AB,2023,EBITDA,112
Nya Högåsens Bildemontering AB,2022,EBITDA,124
Nya Högåsens Bildemontering AB,2021,EBITDA,393
Nya Högåsens Bildemontering AB,2020,EBITDA,58
Autocirc Svensk Bilåtervinning AB,2024,Net sales,40787
Autocirc Svensk Bilåtervinning AB,2023,Net sales,32814
Autocirc Svensk Bilåtervinning AB,2022,Net sales,29864
Autocirc Svensk Bilåtervinning AB,2021,Net sales,48600
Autocirc Svensk Bilåtervinning AB,2020,Net sales,30571
Autocirc Svensk Bilåtervinning AB,2024,Other turnover,809
Autocirc Svensk Bilåtervinning AB,2023,Other turnover,367
Autocirc Svensk Bilåtervinning AB,2022,Other turnover,39
Autocirc Svensk Bilåtervinning AB,2021,Other turnover,49
Autocirc Svensk Bilåtervinning AB,2020,Other turnover,411
Autocirc Svensk Bilåtervinning AB,2024,Turnover,41596
Autocirc Svensk Bilåtervinning AB,2023,Turnover,33181
Autocirc Svensk Bilåtervinning AB,2022,Turnover,29903
Autocirc Svensk Bilåtervinning AB,2021,Turnover,48649
Autocirc Svensk Bilåtervinning AB,2020,Turnover,30982
Autocirc Svensk Bilåtervinning AB,2024,Stock change,0
Autocirc Svensk Bilåtervinning AB,2023,Stock change,0
Autocirc Svensk Bilåtervinning AB,2022,Stock change,0
Autocirc Svensk Bilåtervinning AB,2021,Stock change,0
Autocirc Svensk Bilåtervinning AB,2020,Stock change,0
Autocirc Svensk Bilåtervinning AB,2024,Operating expenses,-31829
Autocirc Svensk Bilåtervinning AB,2023,Operating expenses,-31584
Autocirc Svensk Bilåtervinning AB,2022,Operating expenses,-28189
Autocirc Svensk Bilåtervinning AB,2021,Operating expenses,-35067
Autocirc Svensk Bilåtervinning AB,2020,Operating expenses,-24321
Autocirc Svensk Bilåtervinning AB,2024,Operating profit after depreciation,9767
Autocirc Svensk Bilåtervinning AB,2023,Operating profit after depreciation,1598
Autocirc Svensk Bilåtervinning AB,2022,Operating profit after depreciation,1713
Autocirc Svensk Bilåtervinning AB,2021,Operating profit after depreciation,13583
Autocirc Svensk Bilåtervinning AB,2020,Operating profit after depreciation,6661
Autocirc Svensk Bilåtervinning AB,2024,Financial income,513
Autocirc Svensk Bilåtervinning AB,2023,Financial income,267
Autocirc Svensk Bilåtervinning AB,2022,Financial income,43
Autocirc Svensk Bilåtervinning AB,2021,Financial income,0
Autocirc Svensk Bilåtervinning AB,2020,Financial income,0
Autocirc Svensk Bilåtervinning AB,2024,Financial costs,-5
Autocirc Svensk Bilåtervinning AB,2023,Financial costs,-37
Autocirc Svensk Bilåtervinning AB,2022,Financial costs,-87
Autocirc Svensk Bilåtervinning AB,2021,Financial costs,-64
Autocirc Svensk Bilåtervinning AB,2020,Financial costs,-96
Autocirc Svensk Bilåtervinning AB,2024,Result after net financial items,10274
Autocirc Svensk Bilåtervinning AB,2023,Result after net financial items,1827
Autocirc Svensk Bilåtervinning AB,2022,Result after net financial items,1670
Autocirc Svensk Bilåtervinning AB,2021,Result after net financial items,13519
Autocirc Svensk Bilåtervinning AB,2020,Result after net financial items,6556
Autocirc Svensk Bilåtervinning AB,2024,Profit before tax,1370
Autocirc Svensk Bilåtervinning AB,2023,Profit before tax,130
Autocirc Svensk Bilåtervinning AB,2022,Profit before tax,1158
Autocirc Svensk Bilåtervinning AB,2021,Profit before tax,13667
Autocirc Svensk Bilåtervinning AB,2020,Profit before tax,6351
Autocirc Svensk Bilåtervinning AB,2024,Tax on the year's profit,-359
Autocirc Svensk Bilåtervinning AB,2023,Tax on the year's profit,-108
Autocirc Svensk Bilåtervinning AB,2022,Tax on the year's profit,-302
Autocirc Svensk Bilåtervinning AB,2021,Tax on the year's profit,-2986
Autocirc Svensk Bilåtervinning AB,2020,Tax on the year's profit,-1373
Autocirc Svensk Bilåtervinning AB,2024,Results for the year,1011
Autocirc Svensk Bilåtervinning AB,2023,Results for the year,22
Autocirc Svensk Bilåtervinning AB,2022,Results for the year,856
Autocirc Svensk Bilåtervinning AB,2021,Results for the year,10681
Autocirc Svensk Bilåtervinning AB,2020,Results for the year,4978
Autocirc Svensk Bilåtervinning AB,2024,Intangible fixed assets,0
Autocirc Svensk Bilåtervinning AB,2023,Intangible fixed assets,0
Autocirc Svensk Bilåtervinning AB,2022,Intangible fixed assets,0
Autocirc Svensk Bilåtervinning AB,2021,Intangible fixed assets,0
Autocirc Svensk Bilåtervinning AB,2020,Intangible fixed assets,0
Autocirc Svensk Bilåtervinning AB,2024,Tangible fixed assets,1921
Autocirc Svensk Bilåtervinning AB,2023,Tangible fixed assets,3060
Autocirc Svensk Bilåtervinning AB,2022,Tangible fixed assets,3523
Autocirc Svensk Bilåtervinning AB,2021,Tangible fixed assets,4094
Autocirc Svensk Bilåtervinning AB,2020,Tangible fixed assets,5107
Autocirc Svensk Bilåtervinning AB,2024,Financial fixed assets,1003
Autocirc Svensk Bilåtervinning AB,2023,Financial fixed assets,778
Autocirc Svensk Bilåtervinning AB,2022,Financial fixed assets,484
Autocirc Svensk Bilåtervinning AB,2021,Financial fixed assets,306
Autocirc Svensk Bilåtervinning AB,2020,Financial fixed assets,160
Autocirc Svensk Bilåtervinning AB,2024,Fixed assets,2924
Autocirc Svensk Bilåtervinning AB,2023,Fixed assets,3838
Autocirc Svensk Bilåtervinning AB,2022,Fixed assets,4007
Autocirc Svensk Bilåtervinning AB,2021,Fixed assets,4400
Autocirc Svensk Bilåtervinning AB,2020,Fixed assets,5267
Autocirc Svensk Bilåtervinning AB,2024,Inventory,6236
Autocirc Svensk Bilåtervinning AB,2023,Inventory,8923
Autocirc Svensk Bilåtervinning AB,2022,Inventory,6612
Autocirc Svensk Bilåtervinning AB,2021,Inventory,6890
Autocirc Svensk Bilåtervinning AB,2020,Inventory,4786
Autocirc Svensk Bilåtervinning AB,2024,Accounts receivable,1657
Autocirc Svensk Bilåtervinning AB,2023,Accounts receivable,1427
Autocirc Svensk Bilåtervinning AB,2022,Accounts receivable,1687
Autocirc Svensk Bilåtervinning AB,2021,Accounts receivable,1950
Autocirc Svensk Bilåtervinning AB,2020,Accounts receivable,2148
Autocirc Svensk Bilåtervinning AB,2024,Cash register and bank,260
Autocirc Svensk Bilåtervinning AB,2023,Cash register and bank,6795
Autocirc Svensk Bilåtervinning AB,2022,Cash register and bank,11579
Autocirc Svensk Bilåtervinning AB,2021,Cash register and bank,9995
Autocirc Svensk Bilåtervinning AB,2020,Cash register and bank,7152
Autocirc Svensk Bilåtervinning AB,2024,Current assets,17004
Autocirc Svensk Bilåtervinning AB,2023,Current assets,21047
Autocirc Svensk Bilåtervinning AB,2022,Current assets,20953
Autocirc Svensk Bilåtervinning AB,2021,Current assets,19562
Autocirc Svensk Bilåtervinning AB,2020,Current assets,14806
Autocirc Svensk Bilåtervinning AB,2024,Total assets,19928
Autocirc Svensk Bilåtervinning AB,2023,Total assets,24885
Autocirc Svensk Bilåtervinning AB,2022,Total assets,24960
Autocirc Svensk Bilåtervinning AB,2021,Total assets,23962
Autocirc Svensk Bilåtervinning AB,2020,Total assets,20073
Autocirc Svensk Bilåtervinning AB,2024,Free equity,3443
Autocirc Svensk Bilåtervinning AB,2023,Free equity,14431
Autocirc Svensk Bilåtervinning AB,2022,Free equity,14409
Autocirc Svensk Bilåtervinning AB,2021,Free equity,13553
Autocirc Svensk Bilåtervinning AB,2020,Free equity,7872
Autocirc Svensk Bilåtervinning AB,2024,Untaxed reserves,1145
Autocirc Svensk Bilåtervinning AB,2023,Untaxed reserves,2455
Autocirc Svensk Bilåtervinning AB,2022,Untaxed reserves,4119
Autocirc Svensk Bilåtervinning AB,2021,Untaxed reserves,4607
Autocirc Svensk Bilåtervinning AB,2020,Untaxed reserves,4755
Autocirc Svensk Bilåtervinning AB,2024,Equity,3563
Autocirc Svensk Bilåtervinning AB,2023,Equity,14551
Autocirc Svensk Bilåtervinning AB,2022,Equity,14529
Autocirc Svensk Bilåtervinning AB,2021,Equity,13673
Autocirc Svensk Bilåtervinning AB,2020,Equity,7992
Autocirc Svensk Bilåtervinning AB,2024,Provisions,943
Autocirc Svensk Bilåtervinning AB,2023,Provisions,718
Autocirc Svensk Bilåtervinning AB,2022,Provisions,424
Autocirc Svensk Bilåtervinning AB,2021,Provisions,246
Autocirc Svensk Bilåtervinning AB,2020,Provisions,0
Autocirc Svensk Bilåtervinning AB,2024,Long-term liabilities,0
Autocirc Svensk Bilåtervinning AB,2023,Long-term liabilities,0
Autocirc Svensk Bilåtervinning AB,2022,Long-term liabilities,147
Autocirc Svensk Bilåtervinning AB,2021,Long-term liabilities,453
Autocirc Svensk Bilåtervinning AB,2020,Long-term liabilities,3508
Autocirc Svensk Bilåtervinning AB,2024,Accounts payable,1041
Autocirc Svensk Bilåtervinning AB,2023,Accounts payable,816
Autocirc Svensk Bilåtervinning AB,2022,Accounts payable,2020
Autocirc Svensk Bilåtervinning AB,2021,Accounts payable,818
Autocirc Svensk Bilåtervinning AB,2020,Accounts payable,351
Autocirc Svensk Bilåtervinning AB,2024,Current liabilities,14278
Autocirc Svensk Bilåtervinning AB,2023,Current liabilities,7161
Autocirc Svensk Bilåtervinning AB,2022,Current liabilities,5742
Autocirc Svensk Bilåtervinning AB,2021,Current liabilities,4983
Autocirc Svensk Bilåtervinning AB,2020,Current liabilities,3818
Autocirc Svensk Bilåtervinning AB,2024,Total equity and liabilities,19928
Autocirc Svensk Bilåtervinning AB,2023,Total equity and liabilities,24885
Autocirc Svensk Bilåtervinning AB,2022,Total equity and liabilities,24960
Autocirc Svensk Bilåtervinning AB,2021,Total equity and liabilities,23962
Autocirc Svensk Bilåtervinning AB,2020,Total equity and liabilities,20073
Autocirc Svensk Bilåtervinning AB,2024,Employees,15
Autocirc Svensk Bilåtervinning AB,2023,Employees,18
Autocirc Svensk Bilåtervinning AB,2022,Employees,18
Autocirc Svensk Bilåtervinning AB,2021,Employees,18
Autocirc Svensk Bilåtervinning AB,2020,Employees,18
Autocirc Svensk Bilåtervinning AB,2024,Personnel costs per employee (in 1000),678
Autocirc Svensk Bilåtervinning AB,2023,Personnel costs per employee (in 1000),543
Autocirc Svensk Bilåtervinning AB,2022,Personnel costs per employee (in 1000),524
Autocirc Svensk Bilåtervinning AB,2021,Personnel costs per employee (in 1000),698
Autocirc Svensk Bilåtervinning AB,2020,Personnel costs per employee (in 1000),485
Autocirc Svensk Bilåtervinning AB,2024,EBITDA,10105
Autocirc Svensk Bilåtervinning AB,2023,EBITDA,2061
Autocirc Svensk Bilåtervinning AB,2022,EBITDA,2362
Autocirc Svensk Bilåtervinning AB,2021,EBITDA,14538
Autocirc Svensk Bilåtervinning AB,2020,EBITDA,7328
Köpings Bildemontering AB,2021,Net sales,3229
Köpings Bildemontering AB,2022,Net sales,5238
Köpings Bildemontering AB,2023,Net sales,7086
Köpings Bildemontering AB,2024,Net sales,7821
Köpings Bildemontering AB,2025,Net sales,11378
Köpings Bildemontering AB,2021,Other turnover,74
Köpings Bildemontering AB,2022,Other turnover,0
Köpings Bildemontering AB,2023,Other turnover,0
Köpings Bildemontering AB,2024,Other turnover,4
Köpings Bildemontering AB,2025,Other turnover,4
Köpings Bildemontering AB,2021,Turnover,3303
Köpings Bildemontering AB,2022,Turnover,5238
Köpings Bildemontering AB,2023,Turnover,7086
Köpings Bildemontering AB,2024,Turnover,7825
Köpings Bildemontering AB,2025,Turnover,11382
Köpings Bildemontering AB,2021,Stock change,0
Köpings Bildemontering AB,2022,Stock change,0
Köpings Bildemontering AB,2023,Stock change,0
Köpings Bildemontering AB,2024,Stock change,0
Köpings Bildemontering AB,2025,Stock change,0
Köpings Bildemontering AB,2021,Operating expenses,-2994
Köpings Bildemontering AB,2022,Operating expenses,-5624
Köpings Bildemontering AB,2023,Operating expenses,-6456
Köpings Bildemontering AB,2024,Operating expenses,-6286
Köpings Bildemontering AB,2025,Operating expenses,-10087
Köpings Bildemontering AB,2021,Operating profit after depreciation,308
Köpings Bildemontering AB,2022,Operating profit after depreciation,-387
Köpings Bildemontering AB,2023,Operating profit after depreciation,629
Köpings Bildemontering AB,2024,Operating profit after depreciation,1539
Köpings Bildemontering AB,2025,Operating profit after depreciation,1296
Köpings Bildemontering AB,2021,Financial income,0
Köpings Bildemontering AB,2022,Financial income,0
Köpings Bildemontering AB,2023,Financial income,0
Köpings Bildemontering AB,2024,Financial income,0
Köpings Bildemontering AB,2025,Financial income,3
Köpings Bildemontering AB,2021,Financial costs,-45
Köpings Bildemontering AB,2022,Financial costs,-101
Köpings Bildemontering AB,2023,Financial costs,-67
Köpings Bildemontering AB,2024,Financial costs,-38
Köpings Bildemontering AB,2025,Financial costs,-17
Köpings Bildemontering AB,2021,Result after net financial items,264
Köpings Bildemontering AB,2022,Result after net financial items,-488
Köpings Bildemontering AB,2023,Result after net financial items,562
Köpings Bildemontering AB,2024,Result after net financial items,1502
Köpings Bildemontering AB,2025,Result after net financial items,1282
Köpings Bildemontering AB,2021,Profit before tax,264
Köpings Bildemontering AB,2022,Profit before tax,-488
Köpings Bildemontering AB,2023,Profit before tax,562
Köpings Bildemontering AB,2024,Profit before tax,982
Köpings Bildemontering AB,2025,Profit before tax,943
Köpings Bildemontering AB,2021,Tax on the year's profit,0
Köpings Bildemontering AB,2022,Tax on the year's profit,0
Köpings Bildemontering AB,2023,Tax on the year's profit,0
Köpings Bildemontering AB,2024,Tax on the year's profit,-340
Köpings Bildemontering AB,2025,Tax on the year's profit,-219
Köpings Bildemontering AB,2021,Results for the year,264
Köpings Bildemontering AB,2022,Results for the year,-488
Köpings Bildemontering AB,2023,Results for the year,562
Köpings Bildemontering AB,2024,Results for the year,642
Köpings Bildemontering AB,2025,Results for the year,724
Köpings Bildemontering AB,2021,EBITDA,468
Köpings Bildemontering AB,2022,EBITDA,-224
Köpings Bildemontering AB,2023,EBITDA,884
Köpings Bildemontering AB,2024,EBITDA,1788
Köpings Bildemontering AB,2025,EBITDA,1496
Köpings Bildemontering AB,2021,Profit margin,9.3
Köpings Bildemontering AB,2022,Profit margin,-7.4
Köpings Bildemontering AB,2023,Profit margin,8.9
Köpings Bildemontering AB,2024,Profit margin,19.7
Köpings Bildemontering AB,2025,Profit margin,11.4
Köpings Bildemontering AB,2021,Cash liquidity,952.8
Köpings Bildemontering AB,2022,Cash liquidity,282.2
Köpings Bildemontering AB,2023,Cash liquidity,317.1
Köpings Bildemontering AB,2024,Cash liquidity,278.1
Köpings Bildemontering AB,2025,Cash liquidity,269.7
Köpings Bildemontering AB,2021,Equity ratio,21
Köpings Bildemontering AB,2022,Equity ratio,22.6
Köpings Bildemontering AB,2023,Equity ratio,39.7
Köpings Bildemontering AB,2024,Equity ratio,56.1
Köpings Bildemontering AB,2025,Equity ratio,58.7
Köpings Bildemontering AB,2021,Debt ratio,
Köpings Bildemontering AB,2022,Debt ratio,
Köpings Bildemontering AB,2023,Debt ratio,
Köpings Bildemontering AB,2024,Debt ratio,0.8
Köpings Bildemontering AB,2025,Debt ratio,0.7
Köpings Bildemontering AB,2021,Return on equity,54.9
Köpings Bildemontering AB,2022,Return on equity,-110.4
Köpings Bildemontering AB,2023,Return on equity,56
Köpings Bildemontering AB,2024,Return on equity,73
Köpings Bildemontering AB,2025,Return on equity,42
Köpings Bildemontering AB,2021,Return on total capital,13.5
Köpings Bildemontering AB,2022,Return on total capital,-19.8
Köpings Bildemontering AB,2023,Return on total capital,24.9
Köpings Bildemontering AB,2024,Return on total capital,42
Köpings Bildemontering AB,2025,Return on total capital,25
Köpings Bildemontering AB,2021,Employees,
Köpings Bildemontering AB,2022,Employees,
Köpings Bildemontering AB,2023,Employees,0
Köpings Bildemontering AB,2024,Employees,4
Köpings Bildemontering AB,2025,Employees,9
Köpings Bildemontering AB,2021,Personnel cost per employee,
Köpings Bildemontering AB,2022,Personnel cost per employee,
Köpings Bildemontering AB,2023,Personnel cost per employee,
Köpings Bildemontering AB,2024,Personnel cost per employee,456
Köpings Bildemontering AB,2025,Personnel cost per employee,420
Köpings Bildemontering AB,2021,Intangible fixed assets,0
Köpings Bildemontering AB,2022,Intangible fixed assets,0
Köpings Bildemontering AB,2023,Intangible fixed assets,0
Köpings Bildemontering AB,2024,Intangible fixed assets,0
Köpings Bildemontering AB,2025,Intangible fixed assets,0
Köpings Bildemontering AB,2021,Tangible fixed assets,634
Köpings Bildemontering AB,2022,Tangible fixed assets,586
Köpings Bildemontering AB,2023,Tangible fixed assets,393
Köpings Bildemontering AB,2024,Tangible fixed assets,244
Köpings Bildemontering AB,2025,Tangible fixed assets,618
Köpings Bildemontering AB,2021,Financial fixed assets,0
Köpings Bildemontering AB,2022,Financial fixed assets,0
Köpings Bildemontering AB,2023,Financial fixed assets,0
Köpings Bildemontering AB,2024,Financial fixed assets,0
Köpings Bildemontering AB,2025,Financial fixed assets,0
Köpings Bildemontering AB,2021,Fixed assets,634
Köpings Bildemontering AB,2022,Fixed assets,586
Köpings Bildemontering AB,2023,Fixed assets,393
Köpings Bildemontering AB,2024,Fixed assets,244
Köpings Bildemontering AB,2025,Fixed assets,618
Köpings Bildemontering AB,2021,Inventory,808
Köpings Bildemontering AB,2022,Inventory,784
Köpings Bildemontering AB,2023,Inventory,1127
Köpings Bildemontering AB,2024,Inventory,1116
Köpings Bildemontering AB,2025,Inventory,800
Köpings Bildemontering AB,2021,Accounts receivable,16
Köpings Bildemontering AB,2022,Accounts receivable,15
Köpings Bildemontering AB,2023,Accounts receivable,17
Köpings Bildemontering AB,2024,Accounts receivable,46
Köpings Bildemontering AB,2025,Accounts receivable,59
Köpings Bildemontering AB,2021,Cash register and bank,831
Köpings Bildemontering AB,2022,Cash register and bank,572
Köpings Bildemontering AB,2023,Cash register and bank,988
Köpings Bildemontering AB,2024,Cash register and bank,2258
Köpings Bildemontering AB,2025,Cash register and bank,3701
Köpings Bildemontering AB,2021,Current assets,1656
Köpings Bildemontering AB,2022,Current assets,1371
Köpings Bildemontering AB,2023,Current assets,2129
Köpings Bildemontering AB,2024,Current assets,3424
Köpings Bildemontering AB,2025,Current assets,4581
Köpings Bildemontering AB,2021,Total assets,2289
Köpings Bildemontering AB,2022,Total assets,1956
Köpings Bildemontering AB,2023,Total assets,2527
Köpings Bildemontering AB,2024,Total assets,3668
Köpings Bildemontering AB,2025,Total assets,5199
Köpings Bildemontering AB,2021,Free equity,381
Köpings Bildemontering AB,2022,Free equity,342
Köpings Bildemontering AB,2023,Free equity,904
Köpings Bildemontering AB,2024,Free equity,1546
Köpings Bildemontering AB,2025,Free equity,2271
Köpings Bildemontering AB,2021,Untaxed reserves,0
Köpings Bildemontering AB,2022,Untaxed reserves,0
Köpings Bildemontering AB,2023,Untaxed reserves,0
Köpings Bildemontering AB,2024,Untaxed reserves,520
Köpings Bildemontering AB,2025,Untaxed reserves,859
Köpings Bildemontering AB,2021,Equity,481
Köpings Bildemontering AB,2022,Equity,442
Köpings Bildemontering AB,2023,Equity,1004
Köpings Bildemontering AB,2024,Equity,1646
Köpings Bildemontering AB,2025,Equity,2371
Köpings Bildemontering AB,2021,Provisions,0
Köpings Bildemontering AB,2022,Provisions,0
Köpings Bildemontering AB,2023,Provisions,0
Köpings Bildemontering AB,2024,Provisions,0
Köpings Bildemontering AB,2025,Provisions,0
Köpings Bildemontering AB,2021,Long-term liabilities,1720
Köpings Bildemontering AB,2022,Long-term liabilities,1307
Köpings Bildemontering AB,2023,Long-term liabilities,1206
Köpings Bildemontering AB,2024,Long-term liabilities,671
Köpings Bildemontering AB,2025,Long-term liabilities,567
Köpings Bildemontering AB,2021,Accounts payable,61
Köpings Bildemontering AB,2022,Accounts payable,60
Köpings Bildemontering AB,2023,Accounts payable,61
Köpings Bildemontering AB,2024,Accounts payable,61
Köpings Bildemontering AB,2025,Accounts payable,171
Köpings Bildemontering AB,2021,Current liabilities,89
Köpings Bildemontering AB,2022,Current liabilities,208
Köpings Bildemontering AB,2023,Current liabilities,316
Köpings Bildemontering AB,2024,Current liabilities,830
Köpings Bildemontering AB,2025,Current liabilities,1402
Köpings Bildemontering AB,2021,Total equity and liabilities,2289
Köpings Bildemontering AB,2022,Total equity and liabilities,1956
Köpings Bildemontering AB,2023,Total equity and liabilities,2527
Köpings Bildemontering AB,2024,Total equity and liabilities,3668
Köpings Bildemontering AB,2025,Total equity and liabilities,5199